wind_speed,swr,a_seiche,par_id
0.90658,1.1693,0.00027943,p0001
0.98152,0.90794,0.00028848,p0002
0.99227,0.81658,0.00029452,p0003
0.91025,0.87433,0.00028096,p0004
1.151,0.97867,0.00026938,p0005
1.0888,0.9087,0.00023366,p0006
0.83189,0.90774,0.0002333,p0007
0.90741,1.1671,0.00026519,p0008
1.1942,1.1819,0.00018173,p0009
1.0883,1.0992,0.00026393,p0010
0.99317,1.1258,0.00023318,p0011
1.032,1.0868,0.00011521,p0012
1.0198,1.1164,0.00027957,p0013
1.0685,0.92998,9.7555e-05,p0014
0.89137,0.96946,0.00014176,p0015
0.81984,1.1992,0.00016966,p0016
1.0885,0.82459,0.00029422,p0017
0.99034,0.86182,0.00016617,p0018
1.1013,0.84408,0.00027315,p0019
1.131,0.81146,0.00027761,p0020
1.1963,1.1276,0.00020497,p0021
0.93421,0.96643,0.00019362,p0022
1.1573,0.93044,0.00027773,p0023
1.0512,0.90136,0.0002119,p0024
0.92967,1.108,0.0001025,p0025
1.0273,1.186,0.00028267,p0026
0.80118,0.97444,0.00011516,p0027
1.1203,0.84734,0.00028678,p0028
0.95802,1.0844,0.00018648,p0029
1.015,1.112,0.00018328,p0030
0.8037,0.82491,0.00016204,p0031
0.96338,1.1932,0.00014837,p0032
1.039,1.0085,0.0002113,p0033
1.0256,1.0298,0.00022736,p0034
0.81167,0.9562,0.00017325,p0035
0.95824,1.0461,0.00018482,p0036
1.1427,0.96784,0.00021814,p0037
0.81382,1.083,0.00015477,p0038
0.99304,1.1674,0.00010293,p0039
1.1002,0.9515,0.00022936,p0040
0.84811,0.82077,0.00015403,p0041
0.9722,0.86816,0.00011279,p0042
1.0175,0.93678,0.00022144,p0043
0.83227,1.1591,0.00020854,p0044
1.1867,1.1956,8.0468e-05,p0045
1.0664,1.0082,0.00013826,p0046
0.89624,1.1641,0.00022289,p0047
0.80462,0.89461,8.5425e-05,p0048
0.86006,0.95562,0.00024025,p0049
0.91805,1.197,0.0002016,p0050
0.83352,1.0379,0.00010198,p0051
1.105,0.9988,0.00029357,p0052
1.0086,0.81229,0.00011595,p0053
1.1401,1.0709,0.00029795,p0054
0.8297,1.1907,0.00013029,p0055
1.0697,1.0809,0.00018855,p0056
0.93936,0.86526,0.00023979,p0057
1.1781,1.0574,0.00019729,p0058
1.1216,1.1446,8.1586e-05,p0059
0.80773,0.95416,0.00024154,p0060
1.045,0.8702,0.00027274,p0061
0.95736,0.86462,0.00010391,p0062
0.94941,1.094,0.00018363,p0063
0.84372,0.8928,0.00021737,p0064
1.1052,0.94426,0.00029501,p0065
0.82026,0.9713,0.00020704,p0066
1.0523,1.1823,0.00018745,p0067
0.83592,1.1053,0.00018168,p0068
1.1614,0.8586,0.00010811,p0069
1.051,0.836,0.00020042,p0070
1.03,0.81554,0.00011955,p0071
0.98751,0.85342,0.00012236,p0072
1.0562,1.1339,8.5131e-05,p0073
1.1722,0.84757,0.00010741,p0074
1.0147,1.1388,0.00029533,p0075
1.0409,1.0146,0.0001244,p0076
0.80902,1.062,0.00024506,p0077
0.9205,0.88621,0.00027681,p0078
0.81919,0.87366,0.00014112,p0079
1.0507,1.0118,0.00012773,p0080
0.89366,0.80843,0.00010888,p0081
1.0155,0.86865,0.00029964,p0082
0.93156,0.84661,0.00021126,p0083
0.82512,1.1045,0.00026193,p0084
1.055,0.86929,0.00023251,p0085
0.87096,1.1479,0.00012352,p0086
0.98632,0.81081,0.00028965,p0087
1.0932,1.0166,0.00012879,p0088
0.98414,0.83212,0.00017423,p0089
1.0884,1.0473,0.0002513,p0090
1.1164,1.0758,8.09e-05,p0091
0.96425,1.1147,0.00010304,p0092
0.88357,1.0761,0.00014416,p0093
0.9695,1.0903,0.00023725,p0094
0.92315,0.83961,8.4499e-05,p0095
1.1682,1.1222,0.00022636,p0096
0.8055,1.0026,0.00029214,p0097
1.0367,1.1814,0.00021331,p0098
1.0338,0.95072,0.00011937,p0099
1.0528,0.85812,0.0001925,p0100
1.1666,1.1261,0.00021693,p0101
1.1026,1.0908,0.00010683,p0102
1.0864,0.98591,0.00019669,p0103
0.917,0.91926,0.00025192,p0104
0.87798,1.129,0.00027167,p0105
0.82414,0.96933,8.7425e-05,p0106
1.1782,1.1332,0.00018123,p0107
1.0374,1.0032,0.00012225,p0108
0.92068,1.0692,0.00025705,p0109
0.86173,0.8398,0.00028613,p0110
0.96247,1.0232,0.00028263,p0111
1.0759,0.8671,0.00015242,p0112
0.88732,1.0304,0.00011196,p0113
0.82944,1.1532,0.00021754,p0114
0.87306,0.81826,0.00026296,p0115
0.80718,0.8436,0.00027863,p0116
1.1063,1.1342,0.00028588,p0117
1.1188,0.82801,0.0002583,p0118
0.86694,0.9544,0.0001968,p0119
1.0448,0.94516,0.00014667,p0120
0.88179,1.1502,0.00028203,p0121
1.0669,0.88634,0.00022763,p0122
1.1379,0.88665,0.0002193,p0123
1.0386,0.96914,0.00019111,p0124
0.91879,1.0755,0.0002657,p0125
1.1516,1.1451,0.00028066,p0126
1.1771,0.94236,0.00020001,p0127
1.0599,0.86605,0.00025958,p0128
0.8545,0.98914,0.0002626,p0129
1.1166,0.88941,0.00010263,p0130
0.9524,1.0979,9.6608e-05,p0131
0.95394,0.93317,0.00010925,p0132
0.85006,0.82321,0.00011804,p0133
1.1763,0.86439,0.00014786,p0134
1.0006,1.0833,0.00011668,p0135
1.0943,0.90078,0.00017034,p0136
0.97422,1.0076,0.00025885,p0137
0.94811,1.1268,0.00018152,p0138
1.1168,0.87096,0.00019101,p0139
1.1572,1.0726,0.00017953,p0140
0.80597,1.0128,0.00013252,p0141
1.1884,1.0168,8.8456e-05,p0142
0.85933,0.80393,0.00013921,p0143
1.132,0.92424,0.00013565,p0144
0.87905,1.0731,0.00018215,p0145
1.0753,1.1801,0.00023292,p0146
0.89538,0.95452,0.00013748,p0147
1.0444,1.0263,0.00023283,p0148
1.0326,0.87119,0.00024781,p0149
1.0665,0.97785,0.00018845,p0150
1.0349,0.89356,0.00027394,p0151
0.85284,0.99572,0.00025157,p0152
1.074,0.90846,0.00016908,p0153
1.1212,0.82401,0.00020878,p0154
0.98604,1.1129,0.0002344,p0155
1.0649,0.87702,0.00029938,p0156
1.1676,0.98104,8.1923e-05,p0157
0.82259,0.8193,0.00014646,p0158
0.90348,1.1881,0.00019383,p0159
1.0094,1.095,0.00016012,p0160
0.8764,0.84865,0.00026079,p0161
1.0808,0.8017,0.00022519,p0162
0.9822,0.93098,9.9651e-05,p0163
1.1838,0.95686,0.00017046,p0164
0.80197,0.94704,0.00029573,p0165
0.95756,0.86157,0.00021939,p0166
1.0572,1.0174,0.00026339,p0167
1.0667,0.86908,0.00015947,p0168
1.0806,1.0508,0.00022129,p0169
0.97488,0.90178,0.00022236,p0170
0.8705,0.8535,0.00013608,p0171
1.1224,0.96134,0.00017775,p0172
1.1799,1.0409,0.00018473,p0173
0.80893,1.136,0.0002307,p0174
0.9899,1.0271,0.00012793,p0175
1.0437,1.1015,0.00028736,p0176
0.85044,0.80787,8.3481e-05,p0177
0.91357,0.97738,0.000186,p0178
1.1298,0.84035,9.1181e-05,p0179
0.98727,1.1899,0.00012053,p0180
0.84172,0.86851,0.00023819,p0181
0.99667,0.81915,0.00018412,p0182
1.1551,1.0239,0.0002227,p0183
1.1586,0.82311,0.00026014,p0184
1.0308,1.1053,0.00019,p0185
1.135,1.0181,0.00023114,p0186
1.1173,0.8966,0.00022215,p0187
1.0167,1.0641,0.00013127,p0188
1.1129,1.1059,0.00024325,p0189
0.94589,1.0827,9.8317e-05,p0190
0.8884,1.0435,0.00022476,p0191
0.90559,1.131,0.00011587,p0192
0.87075,0.85384,0.00014477,p0193
1.0192,1.1638,0.0002162,p0194
1.1258,0.95129,0.00018718,p0195
0.81566,1.1217,0.00020889,p0196
1.1917,0.85253,0.00010945,p0197
0.99781,0.9345,0.00013653,p0198
1.0248,0.99712,0.00023531,p0199
0.93114,0.88729,0.00015149,p0200
1.1254,1.0328,0.00011007,p0201
1.1872,1.0346,0.00011482,p0202
1.1412,0.99673,0.00016865,p0203
0.95371,0.89205,0.00024985,p0204
0.84491,0.83855,0.00019747,p0205
0.91447,0.95798,0.00027527,p0206
1.1717,1.1877,0.00017608,p0207
1.1407,1.1481,0.00026064,p0208
0.98947,0.80891,0.00017555,p0209
0.83576,0.83737,0.00029361,p0210
1.1069,0.91506,0.00025726,p0211
1.0682,1.1783,0.00026791,p0212
1.0138,0.97004,0.00020308,p0213
1.0405,0.92387,0.0002305,p0214
0.93913,1.1588,8.2661e-05,p0215
0.92933,1.1714,9.3471e-05,p0216
0.843,1.0831,0.00025063,p0217
0.87012,0.97099,9.7397e-05,p0218
1.042,0.92519,9.2894e-05,p0219
0.95782,0.98542,0.00013599,p0220
1.0517,0.98817,0.00023958,p0221
1.0174,0.85503,0.00019718,p0222
1.185,0.9344,0.00026385,p0223
1.0756,0.85451,0.00026732,p0224
1.0918,0.80677,8.5746e-05,p0225
1.0049,1.0323,0.00012985,p0226
0.89779,0.82541,0.00025204,p0227
0.95009,1.105,0.00026737,p0228
1.1544,1.153,0.00020192,p0229
1.0022,0.85191,0.00014582,p0230
1.1314,0.95263,0.00014783,p0231
1.175,1.0152,0.00023259,p0232
0.88143,1.0061,0.00023154,p0233
1.0214,1.0404,0.00016504,p0234
0.97426,1.044,0.00026409,p0235
0.93976,1.0672,0.00029648,p0236
0.84239,1.161,0.00012687,p0237
1.0528,0.80314,0.00026357,p0238
0.9202,1.1944,9.7297e-05,p0239
1.0669,0.9945,0.0002152,p0240
0.83988,1.0821,0.00019372,p0241
0.99936,0.80147,0.00014952,p0242
0.9344,0.97015,0.00016577,p0243
1.1077,0.91355,0.00014318,p0244
0.85009,0.95519,0.00019406,p0245
0.9047,1.1355,9.1762e-05,p0246
1.1597,0.87831,0.00025842,p0247
1.0653,0.87997,0.00027463,p0248
1.1405,0.89983,0.00017443,p0249
1.0125,1.1668,0.00027927,p0250
1.0043,1.1698,0.00028214,p0251
1.0751,0.82671,0.00021597,p0252
1.1233,0.99069,0.00011184,p0253
0.82547,1.0106,0.0002621,p0254
1.0898,1.0745,0.0002833,p0255
0.98843,0.92321,0.00027607,p0256
1.1731,1.0275,0.00028569,p0257
1.1943,1.1065,9.6404e-05,p0258
0.81853,1.1847,0.00015208,p0259
1.0985,0.99813,0.00016396,p0260
1.0389,0.8584,0.00022601,p0261
1.1935,0.80243,0.00017073,p0262
1.0974,0.84305,0.00020674,p0263
0.83451,1.0723,0.00021543,p0264
0.86855,0.80229,0.00016283,p0265
0.8084,0.83548,0.00017363,p0266
0.94066,1.0792,0.00014511,p0267
1.0463,0.99387,0.00024637,p0268
0.95382,1.0954,0.00023141,p0269
1.061,1.1192,0.00026633,p0270
1.0497,0.9707,0.00011996,p0271
1.0865,1.0085,0.00020022,p0272
0.89718,1.0663,0.00019617,p0273
0.86886,1.0834,0.00027055,p0274
1.1505,1.0095,0.00014393,p0275
0.82236,1.0618,0.0002511,p0276
0.81836,1.1171,0.0001322,p0277
1.1659,1.0482,8.6036e-05,p0278
0.8643,0.86298,0.00011638,p0279
0.85818,0.95072,8.784e-05,p0280
0.85364,1.137,0.00015956,p0281
1.1485,0.96625,0.00029162,p0282
0.92259,0.90475,0.00024134,p0283
0.90056,1.1679,0.0001556,p0284
0.97812,0.88703,0.00025074,p0285
1.1547,0.94146,0.00023187,p0286
1.1049,0.85019,8.5484e-05,p0287
1.0949,1.1486,0.00017184,p0288
1.1286,0.85521,0.0002005,p0289
0.92005,1.0592,0.00027718,p0290
0.91762,0.87753,0.00024261,p0291
1.0526,1.0448,0.0002421,p0292
0.9442,0.87547,8.9128e-05,p0293
1.1317,0.97196,0.00019261,p0294
0.93511,1.1097,0.00011929,p0295
0.84056,1.0681,0.00019356,p0296
0.88121,0.99941,0.00029218,p0297
0.84254,1.1546,8.8982e-05,p0298
1.083,1.076,9.3368e-05,p0299
0.9003,1.0588,0.00018032,p0300
0.91462,1.0108,0.00022766,p0301
1.1307,0.82833,0.00015968,p0302
0.92879,1.1723,9.9901e-05,p0303
1.1929,1.1501,0.00025515,p0304
1.1182,1.1438,0.00019573,p0305
1.0286,0.92852,0.00017236,p0306
0.87861,0.81622,0.00026514,p0307
0.90271,1.0633,0.00012123,p0308
0.81799,0.80199,0.00011262,p0309
0.93502,1.1002,0.00025899,p0310
1.1262,1.0421,0.00029195,p0311
1.0232,1.0121,0.00029991,p0312
1.0742,0.84537,0.0002072,p0313
1.1281,1.0289,0.00014134,p0314
1.1449,0.94123,0.00023902,p0315
1.0479,1.0123,0.00014803,p0316
1.1541,0.81797,8.705e-05,p0317
0.95596,0.84805,0.0001585,p0318
1.0903,1.0703,0.00019275,p0319
1.1102,0.83755,0.00018445,p0320
1.0591,1.1238,0.0002925,p0321
1.058,0.91471,0.00028768,p0322
0.81044,1.1042,0.00019948,p0323
0.99707,0.97162,0.00018866,p0324
1.0405,0.89322,0.00017949,p0325
0.89336,1.1317,0.00023746,p0326
1.1842,0.95711,0.00022391,p0327
0.83749,1.0507,0.00023742,p0328
1.1829,1.08,0.00019421,p0329
1.1878,1.0907,0.00029737,p0330
0.96686,1.1855,0.00013475,p0331
1.1568,1.1026,0.00026846,p0332
0.80513,1.0493,0.00023208,p0333
1.0635,1.003,0.00023481,p0334
1.0957,1.1744,0.00021875,p0335
1.1496,1.054,0.00028643,p0336
0.88003,1.0938,0.00025388,p0337
0.93457,0.92362,0.00027635,p0338
1.1632,0.8511,0.00021734,p0339
1.044,0.80487,0.00013324,p0340
1.1504,0.82629,9.2562e-05,p0341
1.1874,1.1903,8.4694e-05,p0342
1.0552,0.96002,0.00015273,p0343
1.1913,1.088,0.00017252,p0344
1.1537,0.88814,0.00019923,p0345
1.1366,1.0492,0.00013439,p0346
0.99965,1.0631,0.00016795,p0347
0.94341,1.1944,0.00013738,p0348
0.96477,1.1561,0.00024726,p0349
0.94626,0.88161,0.00010936,p0350
1.0208,1.0402,0.00025813,p0351
0.84446,1.074,0.00027597,p0352
1.0187,0.81431,0.00026969,p0353
1.0662,1.1134,0.00019772,p0354
0.93242,0.96721,0.00010584,p0355
1.071,0.94006,0.00017738,p0356
0.87476,0.90601,0.00029859,p0357
1.0672,0.93965,0.00011444,p0358
1.1601,1.1039,8.9994e-05,p0359
1.0045,1.1922,0.00018348,p0360
1.0205,1.0022,0.00024159,p0361
0.97787,1.0013,0.00012974,p0362
0.86641,0.88547,0.00010793,p0363
0.97881,0.95582,0.00011691,p0364
1.1605,0.83532,0.00023866,p0365
1.0292,1.1711,0.00028812,p0366
1.0462,0.98942,0.00016024,p0367
1.0022,0.89557,0.00018296,p0368
1.0144,0.92201,0.00015513,p0369
1.0499,1.001,0.00015036,p0370
0.92421,0.87668,0.00020443,p0371
0.80876,1.185,0.00013984,p0372
0.85659,0.90377,0.00014932,p0373
1.0234,1.1798,0.00019591,p0374
0.99861,1.0148,0.00028085,p0375
0.80385,1.0198,0.00021905,p0376
0.9533,1.1154,0.00014268,p0377
0.81259,0.95815,0.00022364,p0378
0.94556,1.134,0.00028958,p0379
0.97076,1.1713,9.3451e-05,p0380
0.9543,0.81016,0.00012394,p0381
1.0195,0.97829,0.00016064,p0382
1.0294,0.99792,8.8636e-05,p0383
1.124,0.82243,0.00014797,p0384
0.97632,1.1162,0.00022133,p0385
0.93768,0.9229,0.00017126,p0386
0.89205,0.91448,8.6402e-05,p0387
1.0982,0.87343,0.00025852,p0388
1.1717,0.90992,0.00021155,p0389
1.1295,1.102,0.00023004,p0390
0.84304,0.96313,0.00013849,p0391
0.98696,1.1169,0.00020465,p0392
1.0481,0.97985,0.00023065,p0393
0.84283,1.1282,0.00022299,p0394
0.88038,1.1621,0.0002952,p0395
0.83308,1.0455,0.00014041,p0396
0.99517,1.0318,0.00024023,p0397
0.80051,0.97952,0.00015456,p0398
1.0764,0.9586,0.00011862,p0399
0.85664,1.1318,0.00026666,p0400
1.155,0.84384,8.5921e-05,p0401
0.84264,1.0701,0.00016697,p0402
0.86567,0.96868,0.00018495,p0403
0.88551,0.85432,0.00029154,p0404
0.85101,0.81252,0.00028101,p0405
1.0186,1.111,0.0002286,p0406
0.80473,1.0972,0.00026657,p0407
1.1544,1.0432,0.00018401,p0408
1.0541,0.88599,0.00024666,p0409
1.0788,1.138,0.00029486,p0410
0.90014,1.0112,0.00022747,p0411
1.0652,0.85519,0.00020791,p0412
0.96821,1.0658,0.00017543,p0413
1.0587,1.0194,0.00019393,p0414
1.0812,0.84856,0.00012913,p0415
1.0919,0.91967,9.6523e-05,p0416
0.96131,1.078,0.00023406,p0417
0.83562,1.0853,9.5583e-05,p0418
0.84936,0.83722,0.00025755,p0419
0.88627,0.87893,0.00010227,p0420
0.99633,0.94065,0.00024574,p0421
0.80036,0.87248,0.00018702,p0422
0.86489,0.98015,8.0781e-05,p0423
1.008,0.95919,0.00022414,p0424
1.0056,1.194,0.00016941,p0425
0.87146,0.83466,0.00017523,p0426
0.81751,0.9074,0.00015076,p0427
0.86062,1.1582,0.00017829,p0428
1.1269,1.1434,0.00014096,p0429
1.0195,0.856,0.00021447,p0430
0.84003,1.0016,0.0001863,p0431
0.97492,0.90093,0.00023163,p0432
1.0553,0.92723,0.00026587,p0433
1.0483,1.0229,0.00016378,p0434
0.82182,0.8479,0.00025483,p0435
0.95641,0.80104,0.0001701,p0436
0.86114,1.0245,0.00026218,p0437
1.1893,1.0349,8.0282e-05,p0438
0.99526,0.89242,0.00016527,p0439
0.8086,1.0947,0.00014541,p0440
1.1998,1.1386,9.9051e-05,p0441
1.1148,0.8463,0.0001944,p0442
0.96646,1.0921,0.00018219,p0443
0.944,1.0296,0.00024446,p0444
1.0424,0.97907,0.00029238,p0445
1.1737,0.8201,0.00024146,p0446
0.8155,1.085,0.0002266,p0447
1.036,1.1313,0.00021715,p0448
1.1868,1.0705,0.00028619,p0449
0.88773,0.86061,9.6073e-05,p0450
1.0347,1.0879,0.0002054,p0451
0.95413,0.9478,0.00015155,p0452
0.84747,0.80038,0.00029708,p0453
1.1032,1.1247,0.00016901,p0454
1.1418,0.87636,0.00012635,p0455
1.1802,0.93731,0.00029498,p0456
0.88484,1.0634,0.000198,p0457
1.1062,0.88745,0.00014915,p0458
1.1222,0.91814,0.00022575,p0459
0.9849,1.115,0.0002313,p0460
0.85226,0.99161,0.00010644,p0461
1.0622,0.96459,0.00016361,p0462
0.86923,0.92096,0.00021222,p0463
0.93371,1.0688,0.00013533,p0464
0.97058,0.83086,0.00021061,p0465
0.96412,0.86556,0.00018832,p0466
0.82434,0.91488,0.00017938,p0467
0.94381,0.80781,0.00010141,p0468
0.81665,0.84965,0.00012096,p0469
0.88865,0.86794,8.3006e-05,p0470
1.1834,0.97625,0.00018246,p0471
1.0655,1.0532,0.00026011,p0472
0.88315,0.87927,8.9463e-05,p0473
0.99354,0.841,0.00029861,p0474
1.1554,1.1825,0.00029441,p0475
0.97009,1.063,0.00015808,p0476
1.102,0.80763,0.0001541,p0477
1.0749,1.1893,0.00016607,p0478
1.1287,1.1794,0.00017612,p0479
0.90127,0.87045,0.00028992,p0480
1.1154,1.1872,0.00010487,p0481
0.83098,1.1281,0.00012164,p0482
0.89245,1.1507,0.00028,p0483
0.84732,1.0265,0.00016229,p0484
0.99567,0.86575,0.00029997,p0485
0.94226,0.90861,0.00016055,p0486
0.87457,0.93628,0.00020779,p0487
1.0084,1.1161,8.4221e-05,p0488
0.80326,1.1137,0.00020932,p0489
0.87232,1.0555,0.00027044,p0490
1.1566,1.1534,8.6163e-05,p0491
0.85636,1.0291,0.00025343,p0492
1.1477,0.8824,0.00018191,p0493
1.0773,0.86985,0.00015786,p0494
0.82316,1.1006,0.00027912,p0495
1.1125,0.87861,0.00028058,p0496
0.83215,1.0922,0.00028165,p0497
1.191,1.0511,0.00016581,p0498
1.1274,1.0086,0.00016999,p0499
0.91314,0.96904,0.00028696,p0500
0.84532,0.99924,0.00012495,p0501
0.87995,0.80361,0.00024496,p0502
1.0065,0.98763,0.0001764,p0503
1.0132,1.1892,0.00021267,p0504
1.0693,1.1597,0.00013949,p0505
1.1695,1.1647,0.00015938,p0506
0.82878,1.1503,8.0144e-05,p0507
1.0068,0.94804,0.00023901,p0508
1.1447,0.99463,0.00028132,p0509
1.1953,0.9902,0.00026411,p0510
0.93924,1.0156,0.00028255,p0511
0.83805,0.91524,0.00011553,p0512
1.0965,0.93689,0.00016717,p0513
1.015,1.027,9.016e-05,p0514
0.91828,1.114,0.00023761,p0515
1.1797,0.84018,0.00010434,p0516
0.85509,0.92287,0.00011333,p0517
0.89747,0.95485,8.4777e-05,p0518
1.1326,0.80507,8.4616e-05,p0519
1.1311,0.86271,0.00014659,p0520
0.89471,0.89133,8.4892e-05,p0521
1.1234,0.98771,0.00010137,p0522
1.1769,0.92135,0.00019221,p0523
0.85865,1.0486,9.0841e-05,p0524
0.84507,1.1241,0.000197,p0525
1.0946,0.9092,0.0002139,p0526
1.0684,1.0865,0.00012201,p0527
1.1818,1.1086,0.00019833,p0528
1.009,1.0863,0.00019189,p0529
1.1499,1.1512,0.00025672,p0530
0.84907,1.1655,0.00019851,p0531
1.1444,1.0643,0.00016992,p0532
1.0071,1.0838,0.000162,p0533
1.0748,1.1433,0.00020429,p0534
1.0895,1.1294,0.00026305,p0535
1.1294,0.80936,0.00022877,p0536
0.80611,0.81684,0.00026833,p0537
1.0821,0.94682,0.00020285,p0538
0.92837,1.0823,8.8379e-05,p0539
1.1609,0.80734,0.00022066,p0540
1.1175,1.0274,0.00026434,p0541
0.98108,1.1373,0.00024816,p0542
1.0105,1.0378,0.00028177,p0543
0.98296,1.1145,0.000111,p0544
0.9138,1.1842,0.00022055,p0545
0.80294,0.83317,0.00013062,p0546
0.99736,0.87355,0.00017502,p0547
0.83385,0.83659,0.00022003,p0548
1.0565,0.97594,0.000156,p0549
1.0244,0.98391,0.00012405,p0550
0.96174,1.0686,0.0001334,p0551
0.93036,0.98142,0.00019344,p0552
0.85495,0.85929,0.00025267,p0553
0.82145,0.85148,0.00012652,p0554
1.0679,1.1729,0.00024859,p0555
1.143,1.0984,9.7104e-05,p0556
1.1883,1.0313,0.00012693,p0557
1.096,0.9767,0.00021642,p0558
0.9321,1.0796,9.3239e-05,p0559
1.0155,1.169,0.00016032,p0560
1.1028,1.1765,0.0002956,p0561
1.1698,0.95364,0.00028604,p0562
1.0423,0.81331,0.00017595,p0563
0.97137,1.08,0.00013191,p0564
1.1115,0.83352,0.00022342,p0565
1.0794,0.82118,0.00023466,p0566
1.085,1.125,0.00016682,p0567
0.99996,0.96446,0.00027499,p0568
0.92767,1.1889,0.00029679,p0569
1.1916,0.92747,9.4577e-05,p0570
1.189,0.89166,0.00016111,p0571
0.95484,0.89901,0.00010825,p0572
0.85114,1.1897,0.00013305,p0573
1.065,1.0766,0.00028023,p0574
0.80086,1.0776,0.00021322,p0575
0.91848,0.89671,0.00021801,p0576
0.85899,0.81974,0.00029411,p0577
1.0033,1.0243,0.00028824,p0578
1.0595,1.1915,0.00025166,p0579
1.1567,1.199,0.00029812,p0580
0.94606,0.99748,8.1547e-05,p0581
1.0908,0.93239,0.00011555,p0582
0.81442,1.0653,0.00022903,p0583
1.0408,0.92973,0.00011363,p0584
0.87984,1.1239,0.00024353,p0585
0.93731,0.92447,0.00028467,p0586
1.0924,1.0383,0.00025855,p0587
0.88213,0.92625,0.00029878,p0588
0.9532,0.84258,0.00022854,p0589
0.95189,1.1623,0.00025946,p0590
1.1396,0.88517,0.0001054,p0591
0.96237,0.94397,0.00012755,p0592
1.1923,0.99765,0.00016693,p0593
0.80412,0.97353,0.00022866,p0594
0.96913,0.82054,0.00019323,p0595
1.0721,1.1681,0.00016708,p0596
0.95066,0.88986,0.0001722,p0597
1.0678,0.89687,0.00017711,p0598
0.87321,1.0294,0.00028478,p0599
0.80755,1.09,0.00021996,p0600
0.80111,1.1586,0.00012583,p0601
0.83646,0.83448,0.00023654,p0602
1.0593,0.83167,8.6748e-05,p0603
1.1453,0.85028,0.00012367,p0604
1.1432,0.80085,0.00025555,p0605
0.90359,1.1471,0.00026498,p0606
0.97466,1.1616,0.00019761,p0607
0.83543,1.0888,0.00013883,p0608
0.99574,1.0525,0.00024582,p0609
0.9823,1.0415,0.0002128,p0610
1.0113,0.83377,0.00019058,p0611
1.116,0.99555,0.0001907,p0612
1.0569,0.89187,0.00029346,p0613
0.82978,0.89404,0.00026803,p0614
1.1442,1.0071,0.00011303,p0615
0.91369,1.1772,0.00016807,p0616
1.0531,1.0073,0.00013434,p0617
1.0798,0.90729,0.00012863,p0618
1.0342,0.86997,0.0001402,p0619
0.81536,0.87457,0.00023237,p0620
1.1199,1.0412,8.8294e-05,p0621
1.1775,0.83578,0.00024934,p0622
0.88084,1.1809,0.00012721,p0623
1.1151,0.91912,0.00022432,p0624
1.0695,0.80422,0.00015195,p0625
1.1372,0.81488,0.00023274,p0626
1.0784,1.1099,9.3814e-05,p0627
0.87058,1.1762,0.00013687,p0628
0.82109,0.8713,0.00022956,p0629
0.9144,0.89955,0.00024826,p0630
0.87005,0.89026,0.00012839,p0631
0.91128,0.85572,0.00027099,p0632
1.0491,1.0344,0.00021464,p0633
1.1528,0.94799,0.00015637,p0634
0.98479,0.81867,8.9739e-05,p0635
0.85722,1.0615,0.00021612,p0636
0.81244,0.97374,0.0001111,p0637
0.92617,0.95934,0.0002932,p0638
1.0632,0.88958,0.00018367,p0639
1.1622,1.0762,0.00021176,p0640
1.1624,1.1364,0.00021849,p0641
0.81597,1.1528,0.00011174,p0642
1.0745,1.1292,0.00026708,p0643
1.116,0.99086,0.00023617,p0644
0.94465,1.1098,8.6664e-05,p0645
1.089,1.1349,0.00021649,p0646
1.125,0.89367,0.00020374,p0647
0.93096,0.9377,0.0002459,p0648
0.94904,0.91381,9.8652e-05,p0649
0.82276,1.0277,0.00026604,p0650
1.1514,1.1329,0.00022535,p0651
0.94926,1.057,0.00015374,p0652
0.92524,0.84049,0.00028888,p0653
1.1045,1.0598,0.00029551,p0654
0.9295,1.1156,9.8394e-05,p0655
0.99204,0.85673,9.2153e-05,p0656
1.0359,1.1619,0.00010051,p0657
1.0941,1.0401,8.7923e-05,p0658
0.94196,1.1287,0.0002275,p0659
1.0503,1.0134,0.00015582,p0660
0.89775,1.1584,0.00012781,p0661
1.0015,0.87165,0.00027353,p0662
0.90245,1.1752,0.00017668,p0663
1.1553,0.92237,0.00026564,p0664
1.1488,1.1842,0.00013755,p0665
1.0521,0.94476,0.00018234,p0666
1.0291,1.0786,0.00011728,p0667
1.0299,0.95722,0.00025679,p0668
1.1321,0.92216,0.00025014,p0669
0.81351,1.0371,0.00022202,p0670
0.88446,0.96186,0.00014906,p0671
1.0493,0.86254,0.00017694,p0672
1.1284,0.98285,0.00022084,p0673
1.1095,1.1184,0.00012955,p0674
0.96269,1.1337,0.00029172,p0675
0.9678,1.0731,0.00016973,p0676
0.87606,0.9797,0.00022423,p0677
0.92455,0.93457,0.00020987,p0678
0.9125,0.89702,0.00017747,p0679
1.0755,0.88886,9.5878e-05,p0680
0.8128,0.90306,0.00024711,p0681
0.90214,0.90202,0.00010555,p0682
0.80803,0.99394,0.00024219,p0683
0.99933,1.0556,9.8528e-05,p0684
1.171,1.0074,0.0001171,p0685
0.92625,1.1555,0.00017091,p0686
1.0028,1.0593,0.00016174,p0687
1.0224,0.86382,0.00013231,p0688
1.1007,1.1896,0.00025477,p0689
0.91476,1.0423,0.00025453,p0690
0.81038,0.9419,0.00014814,p0691
0.94281,0.97342,0.00017384,p0692
0.80656,0.95049,0.00019533,p0693
1.1875,0.82203,0.00022678,p0694
0.86197,1.0521,0.0002665,p0695
1.0263,0.90155,0.00023801,p0696
0.99369,0.82873,0.00022511,p0697
1.0585,0.95311,0.00020344,p0698
0.85595,1.1173,0.00029056,p0699
0.83814,0.90517,0.00019514,p0700
1.1383,0.93783,0.0001612,p0701
1.1267,0.92883,0.00024842,p0702
0.86794,0.8196,9.6736e-05,p0703
1.1417,1.1115,0.00021978,p0704
1.168,1.1721,0.00028505,p0705
1.1135,0.85716,0.00027669,p0706
1.0827,1.1323,0.00012628,p0707
1.0876,1.1414,0.00012711,p0708
1.0418,1.0464,0.00014842,p0709
1.1041,0.81359,0.00011921,p0710
1.0532,0.85684,9.6144e-05,p0711
1.0265,1.0586,0.00028873,p0712
1.1639,1.1542,0.00024247,p0713
1.104,1.1701,0.00015259,p0714
1.029,0.96894,0.00023363,p0715
0.9363,0.88541,0.00011469,p0716
1.0951,0.87516,0.00010211,p0717
1.0969,1.1333,0.00018105,p0718
1.0731,0.88345,0.00027872,p0719
0.88991,0.85058,0.00016979,p0720
1.049,0.88761,8.5202e-05,p0721
0.80584,0.83368,0.00012644,p0722
0.87152,1.036,9.398e-05,p0723
1.1145,0.99343,0.00020733,p0724
0.93016,1.0886,0.00019776,p0725
1.0393,1.0729,0.00012506,p0726
1.0036,0.99805,0.00014707,p0727
0.81604,1.0391,0.00014483,p0728
0.91514,0.92031,0.00022813,p0729
0.94219,1.0884,0.00028914,p0730
1.0945,1.123,0.00024321,p0731
0.88597,0.90106,0.00020093,p0732
1.0096,0.81183,0.00015265,p0733
0.83457,0.96804,0.00018669,p0734
0.94133,1.198,0.00015023,p0735
0.98501,1.061,0.00023855,p0736
1.19,1.0128,0.00027626,p0737
1.1754,0.95601,0.0001006,p0738
0.95915,0.97641,0.00027805,p0739
0.93963,0.97896,0.00023759,p0740
1.0268,0.88791,0.00017341,p0741
0.87411,0.95887,9.5735e-05,p0742
0.91146,1.0898,0.00013555,p0743
1.1518,0.8578,0.00015329,p0744
1.0538,1.1213,0.00018919,p0745
1.1256,1.1497,0.00024883,p0746
0.9216,0.92907,0.00013153,p0747
1.0771,0.83042,0.0002599,p0748
0.99611,1.0355,0.00024107,p0749
0.9249,0.84322,0.00010463,p0750
0.97663,0.83035,0.00018322,p0751
1.0956,0.8883,0.00020764,p0752
0.97922,1.0527,0.00017241,p0753
1.0422,1.1719,0.0002267,p0754
0.83671,0.93195,0.00013638,p0755
1.1725,0.95264,0.00025253,p0756
0.96314,1.1438,0.00019708,p0757
0.94689,0.95777,0.00026357,p0758
1.0594,1.0032,0.00012673,p0759
1.1392,1.086,0.00025916,p0760
0.82586,0.84444,0.00025546,p0761
0.97185,1.1279,0.0002769,p0762
0.99099,0.84647,0.00025662,p0763
1.1592,1.0562,8.889e-05,p0764
0.96731,1.1951,0.00029377,p0765
1.0457,0.96026,0.00028122,p0766
0.90455,0.93161,0.00021093,p0767
1.168,0.87807,0.00011766,p0768
1.1116,1.0378,9.1612e-05,p0769
0.90628,1.1131,0.00013708,p0770
0.86973,0.86328,0.00016466,p0771
0.99664,0.91135,0.00023355,p0772
0.92749,0.9554,0.00011089,p0773
1.1778,0.99281,0.00025585,p0774
0.84516,1.0749,0.00014357,p0775
1.1627,1.0332,0.00014942,p0776
0.89089,1.0813,0.00015002,p0777
0.96148,0.91825,0.00014956,p0778
0.98175,0.89547,8.0428e-05,p0779
1.0839,1.1408,0.00025311,p0780
0.99842,0.93474,0.00027915,p0781
1.1091,1.1007,0.000296,p0782
1.1422,0.98292,0.00029336,p0783
0.9636,1.1995,0.00014599,p0784
1.1728,0.8294,0.00021049,p0785
0.9305,0.85236,0.00029633,p0786
0.81999,0.92539,0.00010126,p0787
0.81225,1.1707,0.00011205,p0788
1.0448,1.097,0.00012762,p0789
1.0535,0.8925,0.00016415,p0790
0.98583,0.86766,0.00021436,p0791
0.80973,0.9954,0.00023826,p0792
1.1024,1.0009,0.00021796,p0793
0.99746,0.81632,0.00015923,p0794
1.0964,1.0734,8.6149e-05,p0795
1.0486,1.196,0.0002437,p0796
0.97862,0.933,0.0002969,p0797
1.1011,1.0602,0.00010663,p0798
0.87675,1.195,0.00023872,p0799
1.12,1.1257,0.00026465,p0800
1.163,0.89991,8.5871e-05,p0801
0.9187,1.1345,0.00019792,p0802
0.92253,0.93514,0.00012155,p0803
1.165,1.1613,0.00026621,p0804
0.88971,1.0788,0.00016215,p0805
0.87196,0.82474,0.00029368,p0806
1.0017,1.1135,0.00024432,p0807
0.94764,0.89633,0.00022951,p0808
1.1961,1.0354,9.9838e-05,p0809
0.98336,0.87584,0.0002204,p0810
0.86866,0.95033,0.00017802,p0811
0.85943,0.89452,0.00028556,p0812
0.89817,1.0669,0.00018617,p0813
0.81137,0.95229,0.00013815,p0814
1.0191,1.145,0.00013497,p0815
0.80509,1.0105,0.00023779,p0816
0.97644,1.1071,8.9843e-05,p0817
0.84185,1.0579,0.00015014,p0818
1.1075,0.83409,0.00013678,p0819
0.92349,0.96098,9.4972e-05,p0820
0.88747,1.189,0.00021172,p0821
1.0979,1.1926,0.00020872,p0822
0.89988,0.80321,0.0001991,p0823
0.83405,1.0724,0.00011744,p0824
0.96932,1.0811,0.00028579,p0825
0.9836,0.92548,0.00024768,p0826
1.034,1.049,0.00014885,p0827
0.96447,1.1418,0.00029754,p0828
1.0808,0.97045,0.00020199,p0829
1.0901,0.83821,0.00018963,p0830
0.96571,1.0351,0.000107,p0831
0.98939,0.83985,0.00012874,p0832
0.87357,0.84907,0.00010088,p0833
1.1276,1.1883,0.00029437,p0834
1.1684,0.8717,0.00015137,p0835
1.1831,0.99317,0.00029,p0836
0.87378,1.1914,0.00028349,p0837
1.0076,1.1935,0.0001845,p0838
1.0172,0.87663,0.0002594,p0839
1.1849,0.87088,0.00016088,p0840
0.84386,0.81789,0.00028052,p0841
0.82175,0.98967,0.00011753,p0842
1.1209,0.80297,0.00012066,p0843
0.81435,0.91172,0.00023536,p0844
0.88064,0.92377,0.00017834,p0845
1.0507,0.83516,0.00010884,p0846
1.1099,1.0242,0.00015902,p0847
0.87724,0.89929,0.00011218,p0848
0.88419,0.94274,0.00011425,p0849
0.94888,0.97253,0.0001394,p0850
0.94989,1.1981,0.00010082,p0851
1.0967,0.95658,0.00015486,p0852
0.9315,1.0197,0.00020323,p0853
1.1659,1.143,0.00017677,p0854
0.89003,0.90892,0.00028762,p0855
1.0793,0.90635,0.00011339,p0856
1.1113,0.82692,0.00022968,p0857
0.95925,0.9632,0.00029974,p0858
0.99188,1.0019,0.00027738,p0859
0.88574,1.0611,0.00021227,p0860
1.0522,0.90999,0.00020146,p0861
0.97204,1.1376,0.00023951,p0862
0.91688,0.81113,0.00022185,p0863
1.1525,0.86494,0.00015547,p0864
1.1519,1.0325,0.00018303,p0865
0.89444,0.8274,0.00018988,p0866
0.80067,0.80006,0.00014218,p0867
0.80914,1.0131,0.00028041,p0868
0.98825,0.92055,0.00012464,p0869
1.0778,0.98428,0.00017932,p0870
1.0574,1.1001,0.00024232,p0871
0.92977,1.0481,0.00025996,p0872
1.0055,1.1966,0.00012909,p0873
0.91554,0.87723,0.00019138,p0874
1.1772,0.9359,0.00013905,p0875
0.90542,0.98159,0.00026638,p0876
0.96979,1.0716,0.00028422,p0877
0.89952,1.1837,0.000224,p0878
0.83364,0.84284,0.0002918,p0879
0.94673,1.0547,9.2598e-05,p0880
1.0177,1.0523,0.00013245,p0881
0.82071,0.97107,0.00016669,p0882
1.1508,1.1571,0.00028277,p0883
1.0251,0.92012,9.3884e-05,p0884
1.0511,1.0566,0.00027291,p0885
0.88691,1.0232,0.00018044,p0886
0.90176,1.0269,0.00025602,p0887
1.1869,1.1732,0.00016493,p0888
1.1242,0.95104,0.00025874,p0889
1.0061,1.0694,0.00017228,p0890
0.81192,0.98246,0.00019116,p0891
0.98923,0.83303,0.00012817,p0892
1.0688,1.1462,0.00015049,p0893
0.81008,1.0204,0.0002371,p0894
0.95674,1.0218,9.1324e-05,p0895
0.85741,1.051,0.0002006,p0896
1.1611,1.1689,0.00010623,p0897
1.1579,1.0866,0.00018132,p0898
0.94017,0.90363,0.00028459,p0899
1.0869,0.95849,0.00027708,p0900
1.1279,0.8228,9.0457e-05,p0901
0.88581,0.80614,0.00020517,p0902
0.81766,0.82554,0.00024043,p0903
0.82684,0.92921,9.5198e-05,p0904
1.0983,0.93151,0.00027334,p0905
0.81897,0.83067,0.00017139,p0906
0.88802,1.0682,8.1027e-05,p0907
0.82844,0.82721,9.078e-05,p0908
1.1715,1.0497,0.00023474,p0909
0.83182,1.04,0.00028896,p0910
1.134,1.0006,0.00018455,p0911
0.91341,1.1778,0.00027142,p0912
0.98035,1.0962,0.00021409,p0913
1.1006,0.81184,0.0001565,p0914
0.80978,1.0841,0.00010183,p0915
1.0395,1.0893,0.00012503,p0916
1.1022,1.167,0.00025436,p0917
1.016,0.96692,0.00013649,p0918
0.94001,0.82426,0.00010851,p0919
1.0208,1.1957,0.00010761,p0920
1.1898,0.8516,8.6283e-05,p0921
0.97976,0.99099,0.00026104,p0922
0.89705,1.1539,0.00028874,p0923
1.1977,1.0158,0.00017912,p0924
0.84656,0.94312,9.3118e-05,p0925
0.92671,0.87617,0.00019986,p0926
0.96529,1.0553,8.2414e-05,p0927
1.0971,0.87315,0.00027199,p0928
1.0514,1.1456,0.00011501,p0929
0.82052,1.1699,0.00027416,p0930
1.0345,0.88475,0.00021831,p0931
0.80367,1.1968,0.00016594,p0932
0.90183,0.84784,0.00024348,p0933
0.99007,0.88201,0.00027135,p0934
1.1638,0.81572,0.00017986,p0935
0.86732,1.1864,0.00011042,p0936
0.82801,1.0941,0.00027402,p0937
1.141,0.95342,8.3244e-05,p0938
0.99457,0.96055,9.5408e-05,p0939
1.1757,1.1122,0.00027905,p0940
1.0239,0.90231,0.00012178,p0941
0.87582,0.84452,0.0002454,p0942
0.92293,0.84751,0.00013659,p0943
0.85807,1.0223,0.00026543,p0944
0.85039,0.90462,0.00018942,p0945
0.88372,0.8214,0.00013806,p0946
0.9598,1.0559,0.00014534,p0947
0.85314,0.95388,0.00026055,p0948
1.0714,0.89907,0.00014283,p0949
0.95162,0.80352,0.00019307,p0950
1.062,0.96242,0.00015745,p0951
1.0302,1.0656,0.0002406,p0952
0.81098,0.91403,0.0001382,p0953
0.98318,1.1004,0.00014407,p0954
0.91823,0.94867,0.00014036,p0955
0.94871,0.99432,8.0618e-05,p0956
1.1357,0.84582,9.7443e-05,p0957
0.80828,1.0098,0.00013315,p0958
0.99593,1.0109,0.00024967,p0959
1.1822,0.94357,0.00027813,p0960
0.8676,1.0524,0.00013876,p0961
1.1477,1.0978,0.00018779,p0962
1.172,0.91143,0.00010807,p0963
0.92035,0.93016,8.8065e-05,p0964
0.93864,0.93549,0.00029593,p0965
1.0366,1.1939,0.00019477,p0966
1.1157,1.1551,0.00010996,p0967
0.97157,1.1768,0.00019265,p0968
1.1641,0.95287,0.00021384,p0969
0.93351,0.96404,0.00028904,p0970
1.0187,1.1366,0.0001444,p0971
1.0746,0.80061,0.0002137,p0972
0.97317,1.1741,0.00012663,p0973
1.0164,0.96674,0.00020166,p0974
0.88169,0.94729,0.00013629,p0975
0.84589,0.83939,0.00010518,p0976
0.81728,1.0889,0.00026581,p0977
1.18,1.0023,0.00019146,p0978
1.0578,1.1362,0.00026725,p0979
0.82527,1.0063,0.00017456,p0980
0.90514,1.1209,0.00025721,p0981
1.1846,0.925,0.00011244,p0982
1.1828,1.1626,0.00011985,p0983
1.0236,0.85276,0.00013547,p0984
0.93381,1.0235,0.00024414,p0985
1.1122,0.91938,0.00022314,p0986
0.97233,1.1749,0.00025564,p0987
1.0136,0.84492,0.00015494,p0988
1.1446,1.1986,0.00026024,p0989
0.97705,1.1093,0.00021059,p0990
1.152,0.80705,0.00012212,p0991
1.1607,1.1328,9.3992e-05,p0992
0.83789,1.1581,0.00020945,p0993
1.0128,0.9097,0.00022913,p0994
1.0307,1.0258,0.00024198,p0995
0.80175,0.87291,0.00016457,p0996
1.0602,1.1029,0.00026141,p0997
1.1244,0.91899,0.00026134,p0998
1.1195,1.181,0.0002923,p0999
0.99762,1.0862,0.00014994,p1000
1.1367,0.95162,0.00023643,p1001
0.97828,1.1911,8.4348e-05,p1002
1.179,0.88845,0.0002063,p1003
1.0925,1.1793,0.00014571,p1004
1.0018,0.98887,0.00022776,p1005
0.81637,1.1387,0.00011867,p1006
1.1515,1.0222,0.00027381,p1007
0.90386,0.91202,0.0001486,p1008
0.89968,1.0819,0.00011511,p1009
1.083,1.0637,0.00023395,p1010
0.83029,0.91767,8.4267e-05,p1011
1.0446,1.1643,0.00011674,p1012
1.1264,0.97935,0.00020557,p1013
1.1893,0.98052,0.00015887,p1014
1.0604,1.1403,0.00015174,p1015
1.0878,1.0175,0.00022169,p1016
1.0835,1.1457,0.00026807,p1017
0.84473,0.88435,0.00010498,p1018
0.97551,1.1885,0.00018839,p1019
0.91209,1.0302,0.00028445,p1020
0.97302,1.1312,0.00026687,p1021
1.1995,1.0629,0.00027551,p1022
1.0688,0.87254,0.00012458,p1023
1.0431,0.89797,8.1408e-05,p1024
1.1576,0.81525,0.00016351,p1025
1.1697,1.1822,0.00026324,p1026
1.1013,1.1869,0.00021724,p1027
0.92467,1.0923,8.9378e-05,p1028
1.1227,1.0035,0.00018424,p1029
0.97367,1.1032,0.00014877,p1030
1.085,0.84604,0.00024875,p1031
1.0763,1.1206,0.00021474,p1032
1.1816,0.96853,0.00022304,p1033
0.9051,0.97484,0.00022554,p1034
0.94966,0.88102,0.00010378,p1035
0.91608,1.0154,0.00016925,p1036
0.83483,1.0338,0.00012314,p1037
1.1689,1.1976,0.00021691,p1038
1.0825,1.1759,0.00010471,p1039
0.81933,1.1815,0.00018533,p1040
0.92536,0.82882,0.000104,p1041
1.1108,0.88306,0.00023344,p1042
0.94191,1.079,0.00010957,p1043
1.1479,0.99641,0.00010571,p1044
1.1996,1.0202,0.00025807,p1045
0.96221,1.1625,0.0002116,p1046
0.94175,0.90543,0.00014231,p1047
0.90775,1.0053,0.00019894,p1048
0.92679,0.93899,0.00028185,p1049
1.1701,1.1848,0.00011564,p1050
0.9404,0.98738,0.00024711,p1051
1.1826,1.0394,0.00016325,p1052
0.965,1.0069,0.00012473,p1053
1.0659,1.1726,0.00023385,p1054
0.92818,1.1629,0.00016257,p1055
1.0626,1.0566,0.00029016,p1056
1.1949,1.1659,0.00011146,p1057
0.86276,1.0342,0.00013113,p1058
1.0942,1.1448,0.00021492,p1059
0.84705,1.1485,0.00016182,p1060
1.0077,1.119,0.00020106,p1061
1.0938,1.0983,0.00010074,p1062
1.181,1.1592,0.00012284,p1063
0.97951,1.1432,0.00022349,p1064
0.90912,1.1738,0.00029402,p1065
1.13,0.87391,0.00023683,p1066
1.1452,0.97376,0.00017728,p1067
0.82468,0.85093,0.00022974,p1068
1.0646,1.047,0.00011603,p1069
1.0327,1.1697,0.00028711,p1070
0.81365,0.97234,0.00016135,p1071
0.93702,1.0995,0.00027888,p1072
0.87549,1.1091,0.0001127,p1073
0.89681,0.83869,0.00022617,p1074
1.0282,1.1227,0.00016632,p1075
1.1047,0.87984,0.00024754,p1076
1.1993,0.9747,0.000114,p1077
0.94328,0.92646,0.00011378,p1078
0.8783,0.81246,0.00028316,p1079
1.1838,1.1983,0.00025735,p1080
1.1207,1.0044,9.8702e-05,p1081
1.1645,1.0579,0.00017845,p1082
0.92592,1.0656,0.00028357,p1083
0.97039,1.0329,0.00014623,p1084
0.93069,0.91059,0.00015096,p1085
1.035,0.91876,0.000154,p1086
0.97125,0.80383,0.00016477,p1087
0.96974,1.0495,0.00018722,p1088
0.87749,0.93056,8.5317e-05,p1089
0.8662,1.1347,0.00017818,p1090
1.182,1.0996,0.00015355,p1091
0.94461,1.039,0.00021919,p1092
1.0003,1.1536,0.00013136,p1093
1.1406,1.0613,0.00014314,p1094
1.197,1.1404,9.2684e-05,p1095
1.0892,0.96201,0.00014757,p1096
1.0704,1.1078,0.00017469,p1097
0.8196,1.0315,0.00020547,p1098
1.061,0.84687,0.00027241,p1099
1.1106,0.94292,0.00024455,p1100
1.1317,0.84418,0.00025236,p1101
0.93252,0.98512,0.00026155,p1102
0.88109,1.1902,0.00019583,p1103
0.89513,0.90944,0.00023547,p1104
1.1865,1.126,0.00019288,p1105
1.1352,1.1753,0.00020809,p1106
1.1845,1.1773,0.00018763,p1107
0.81487,0.80017,0.00028838,p1108
0.82422,0.86538,9.5932e-05,p1109
1.1841,0.87414,0.00019976,p1110
0.90726,1.174,0.00018663,p1111
0.848,1.0461,0.00017786,p1112
1.0261,1.1376,0.00011465,p1113
0.95221,0.865,0.00023925,p1114
1.1071,0.85474,0.00020895,p1115
0.89565,0.80461,0.00022463,p1116
1.1486,0.93338,0.00010689,p1117
1.129,0.93132,0.00014699,p1118
1.153,0.83428,0.00023587,p1119
1.162,0.94836,0.00013928,p1120
0.81884,1.0569,0.00012446,p1121
1.1757,1.0426,0.00013168,p1122
1.137,0.9785,0.0001643,p1123
0.94052,0.98696,0.00029278,p1124
0.84648,0.94349,0.0001531,p1125
0.93526,0.8938,0.00025639,p1126
1.0786,0.86696,0.00024362,p1127
1.1485,0.88008,0.00026783,p1128
0.82324,1.1319,0.00023972,p1129
0.83163,0.85363,0.00021019,p1130
1.0111,0.82769,0.00027743,p1131
1.0238,1.0452,0.00017969,p1132
0.84081,1.1023,0.00011948,p1133
0.85575,1.1243,0.00025531,p1134
0.81582,1.1302,0.00018727,p1135
0.98684,0.93982,0.0002629,p1136
0.89106,1.0309,9.4263e-05,p1137
0.88517,0.82923,0.00011065,p1138
0.91714,1.1458,8.2126e-05,p1139
0.88849,0.99197,0.0002709,p1140
0.82892,0.98997,0.00014382,p1141
1.0007,1.0683,0.00027579,p1142
0.93561,1.1718,0.00012613,p1143
1.0571,0.99119,0.00016354,p1144
1.1415,1.1618,0.00023624,p1145
0.97728,1.1662,0.00015465,p1146
0.91191,0.92957,0.00029013,p1147
0.86677,1.1427,0.00011874,p1148
0.86307,1.0099,0.00014251,p1149
0.90953,1.0376,0.00010106,p1150
1.0181,1.1851,0.00016445,p1151
1.17,1.1879,0.00011435,p1152
0.82457,1.0854,0.00013861,p1153
0.91396,0.92567,0.00012243,p1154
1.1643,0.80852,0.00019084,p1155
0.90752,0.97176,0.00015793,p1156
1.0381,0.8435,8.1753e-05,p1157
1.1617,1.113,0.00015375,p1158
0.93392,1.1454,0.00015639,p1159
1.0601,1.0443,0.00013586,p1160
0.97265,0.8972,0.00011323,p1161
0.82626,1.1509,0.00018113,p1162
0.95567,0.94914,0.0002854,p1163
1.0837,1.0534,0.00015933,p1164
1.043,1.1562,0.0002719,p1165
0.99181,0.81614,0.00016633,p1166
1.093,1.0514,0.00026202,p1167
0.82755,0.85913,0.00020974,p1168
1.156,1.1371,0.00026962,p1169
0.88932,0.97576,0.00025406,p1170
0.8826,1.1863,0.00018756,p1171
1.0344,1.0429,9.6839e-05,p1172
0.9738,1.1761,0.00014732,p1173
1.0617,0.86083,0.00027105,p1174
1.092,0.91602,0.00015227,p1175
1.0814,0.80923,0.00016388,p1176
1.0297,1.1277,0.00022011,p1177
1.1499,0.86672,0.00029623,p1178
1.1355,0.91618,0.00024064,p1179
1.088,1.0187,0.00017888,p1180
0.89479,0.90904,0.00026699,p1181
1.0011,0.82083,0.00025169,p1182
1.0356,1.1055,0.00027722,p1183
1.0718,0.81852,0.00022023,p1184
1.0856,1.0901,0.00016954,p1185
0.82915,0.92692,0.00017303,p1186
0.95032,0.92036,9.0919e-05,p1187
1.1979,1.0776,0.00021216,p1188
1.0799,0.8905,0.00027962,p1189
0.96483,0.91728,0.00015201,p1190
1.1564,1.0795,0.00010151,p1191
1.1905,0.86074,0.00023503,p1192
0.99977,1.0091,0.00013266,p1193
1.1703,0.85901,0.00022151,p1194
1.1598,1.0464,0.00011228,p1195
1.1857,1.1905,0.00020617,p1196
1.0726,1.1274,0.0002355,p1197
1.1056,0.83493,0.00010357,p1198
1.0911,1.1985,0.00024113,p1199
1.0582,1.0974,0.00028514,p1200
0.87434,1.0977,0.00017416,p1201
0.8608,0.92338,9.8e-05,p1202
1.082,0.91194,0.00027827,p1203
0.99156,0.98873,0.00013459,p1204
0.90203,0.88094,8.1306e-05,p1205
0.87924,1.002,0.0002067,p1206
0.98201,1.0381,9.2816e-05,p1207
0.86397,1.1174,0.00016163,p1208
0.83926,1.0138,0.00029699,p1209
0.81081,1.1962,0.00019662,p1210
1.0936,1.0699,0.00022563,p1211
1.0587,1.0279,0.00025985,p1212
1.1794,0.83607,0.00021884,p1213
0.91016,1.1108,0.00023023,p1214
0.92329,0.87444,0.00015106,p1215
1.196,1.1601,0.00021439,p1216
1.1653,1.0369,0.0001202,p1217
0.87695,1.0858,0.00028375,p1218
0.89599,0.8057,0.0001449,p1219
1.1369,1.0769,0.00020911,p1220
0.9079,0.81811,0.00024526,p1221
0.8075,1.087,0.00025222,p1222
1.1424,1.1336,0.00010876,p1223
1.0833,1.1725,0.00028148,p1224
1.0846,0.99689,0.00012418,p1225
1.1462,1.0407,0.0001238,p1226
1.1203,1.0667,0.00025801,p1227
1.1124,1.0367,0.00010675,p1228
1.1743,1.0238,0.00010621,p1229
1.0064,1.1756,0.00025763,p1230
1.0277,0.81322,0.00024684,p1231
1.1218,0.96288,0.00016543,p1232
1.1057,0.90425,0.00021537,p1233
0.98756,1.1857,0.00011408,p1234
0.88392,1.1422,0.0002928,p1235
1.0166,0.81455,0.0001897,p1236
0.88236,1.0926,0.00015911,p1237
0.87945,1.1913,0.00012565,p1238
0.83972,1.0936,0.00028153,p1239
1.012,1.1227,0.0002985,p1240
0.9775,1.0295,0.00011623,p1241
0.98274,1.1033,0.00016788,p1242
0.91537,0.96712,0.00020143,p1243
0.8236,0.94698,0.00018542,p1244
1.1128,1.1617,0.00028475,p1245
0.95149,0.89857,0.00029044,p1246
0.90158,1.1514,0.00018159,p1247
0.95608,0.97149,0.00019554,p1248
1.1435,0.95667,0.00023219,p1249
0.93329,1.0537,0.00020864,p1250
1.1813,1.0505,0.00025964,p1251
0.82214,1.1415,0.00018807,p1252
0.99626,0.93381,0.00011074,p1253
0.80215,0.85087,0.00010989,p1254
0.85247,1.0001,0.00025259,p1255
0.8,1.1351,0.0002823,p1256
1.0211,0.81584,0.00015041,p1257
0.97184,0.89573,0.00013578,p1258
1.1065,0.83197,9.5832e-05,p1259
1.0009,0.94962,9.1107e-05,p1260
0.86776,0.82982,0.0002449,p1261
0.90996,1.159,0.00016752,p1262
0.96093,1.0047,0.00022702,p1263
0.95305,0.93375,0.00019161,p1264
0.88415,1.1853,0.00011736,p1265
1.1837,0.88235,0.00022896,p1266
0.97511,0.86097,0.00023943,p1267
0.87182,0.97308,0.00020414,p1268
1.1974,1.1266,0.00028302,p1269
0.85433,0.88043,0.00026488,p1270
0.80032,0.88265,8.4001e-05,p1271
0.95946,1.1088,0.0002366,p1272
0.85124,1.0435,0.00026153,p1273
1.1458,0.99362,0.00019493,p1274
0.95712,0.85181,0.00025619,p1275
0.84125,0.85996,0.0002844,p1276
0.91785,1.1845,8.199e-05,p1277
1.1649,0.98909,8.36e-05,p1278
1.1767,1.0157,0.00025576,p1279
0.98776,1.1833,0.000194,p1280
0.99906,1.0374,0.00024264,p1281
0.82726,1.1726,0.00027487,p1282
0.91295,0.88021,0.00029461,p1283
1.0279,1.1634,0.00010774,p1284
1.0674,0.9643,0.00017508,p1285
1.1909,1.0255,0.00013147,p1286
1.1386,1.1255,0.00010284,p1287
0.9098,1.0839,0.0002226,p1288
1.0576,1.1733,0.00023249,p1289
0.90106,1.0651,0.00011538,p1290
0.86827,1.1789,9.6978e-05,p1291
1.1712,0.88972,0.00014347,p1292
1.1655,0.84151,8.8538e-05,p1293
1.1242,1.099,0.00022542,p1294
0.96897,0.96113,0.00027599,p1295
0.83296,1.1488,0.00021858,p1296
0.8615,0.87497,0.00026993,p1297
1.1023,1.091,0.00023597,p1298
1.1146,0.84233,0.00029109,p1299
1.0123,0.94635,0.00024862,p1300
0.96892,0.89484,0.00020848,p1301
0.97586,0.96743,0.0001172,p1302
0.91973,1.1417,0.00029311,p1303
1.0107,1.0545,0.00021079,p1304
1.0638,0.91103,0.00025363,p1305
0.8057,1.1125,0.00019616,p1306
1.014,0.81049,0.00018657,p1307
0.89187,1.1124,0.00020991,p1308
1.0624,1.1477,0.00015432,p1309
0.86497,1.0011,0.00027538,p1310
1.0501,0.91417,0.00012273,p1311
1.1271,0.87395,0.00028732,p1312
1.1984,0.92188,0.0001614,p1313
0.86131,1.0999,0.00026923,p1314
0.82127,1.0519,0.00018188,p1315
1.0455,0.83831,0.00011965,p1316
1.0777,0.963,8.3402e-05,p1317
1.1036,0.86168,0.00012146,p1318
1.022,1.1188,0.00011844,p1319
1.0256,0.80514,0.00016186,p1320
1.0169,0.91254,0.00027163,p1321
1.0363,1.0306,0.00018079,p1322
0.83266,1.0848,0.00020279,p1323
0.8762,1.0944,0.00025627,p1324
0.96063,1.0531,0.00018741,p1325
1.1184,1.1194,0.00028394,p1326
1.0203,0.97326,0.000277,p1327
1.1666,1.1804,9.3672e-05,p1328
0.8436,0.96088,0.00014984,p1329
1.1927,1.1117,0.00013069,p1330
0.92911,1.0215,0.00024556,p1331
1.1058,0.80904,0.00023846,p1332
0.88946,1.1465,0.00010831,p1333
1.0047,1.0042,0.00027562,p1334
0.86737,1.0937,0.00023789,p1335
0.84159,1.1834,0.00017466,p1336
1.0454,1.0053,0.00028648,p1337
0.95816,0.99999,8.3268e-05,p1338
1.069,0.91299,0.00015346,p1339
1.1466,1.0915,0.00013108,p1340
0.86976,1.092,0.00023569,p1341
1.1079,1.1111,0.0002022,p1342
0.9166,1.0501,0.00021764,p1343
1.1707,0.80749,0.0002203,p1344
0.95294,0.96381,0.00029724,p1345
1.1093,0.8098,0.00021414,p1346
0.99812,1.0081,0.00022206,p1347
0.98623,1.1112,0.0001736,p1348
1.0606,1.1931,0.00029841,p1349
0.99255,0.98047,0.000299,p1350
0.89971,1.1571,0.00020086,p1351
1.1467,1.0253,0.00028597,p1352
0.98516,0.87818,0.00021205,p1353
1.1193,1.0467,9.4646e-05,p1354
1.1687,1.1062,0.00017329,p1355
0.84831,1.1802,0.00018273,p1356
0.82717,0.80065,0.00026227,p1357
0.83875,1.077,0.00016736,p1358
0.92554,0.94163,9.0659e-05,p1359
1.0218,0.88177,0.00019503,p1360
1.1954,1.0877,9.2967e-05,p1361
1.1196,0.97961,0.00022048,p1362
0.96068,1.0607,0.00016548,p1363
0.89402,1.0958,0.00021987,p1364
0.85559,0.99474,0.00013297,p1365
0.97288,0.98438,0.0002479,p1366
1.0995,0.92609,9.9596e-05,p1367
1.149,0.94953,0.00025138,p1368
1.1807,0.89607,0.00023915,p1369
1.1778,1.1492,0.00011236,p1370
0.89488,1.0372,0.00019566,p1371
0.83438,0.80409,0.00010716,p1372
1.0707,1.0877,0.00019862,p1373
0.85528,1.1587,0.00022496,p1374
0.91523,1.1652,0.00029094,p1375
0.83708,0.84939,0.00028798,p1376
0.80346,0.99603,0.00010754,p1377
1.1235,0.85218,0.00028537,p1378
0.95454,0.88215,0.00014228,p1379
0.8627,0.86839,0.00020759,p1380
0.99149,1.1603,0.00029478,p1381
1.0762,1.0576,0.00020687,p1382
1.066,1.1731,0.00012966,p1383
0.98794,1.0675,9.1456e-05,p1384
1.1919,1.147,0.00021308,p1385
0.94846,1.1088,8.6865e-05,p1386
1.1889,0.98673,0.00020234,p1387
0.83144,0.80972,0.00021944,p1388
1.0398,1.0714,0.00010951,p1389
0.84554,1.1535,9.9742e-05,p1390
1.1375,0.89266,0.00024691,p1391
1.0083,1.0601,0.00021709,p1392
1.0725,0.97518,0.0001506,p1393
1.0258,0.98853,0.00023518,p1394
1.1134,0.97654,0.00022824,p1395
0.8435,1.0388,0.00017174,p1396
0.91275,0.94767,0.00020578,p1397
0.91238,0.84622,0.00027642,p1398
1.0766,0.90285,0.0001463,p1399
0.93747,1.0711,0.00011537,p1400
0.80535,0.86669,0.00020482,p1401
0.9031,0.87152,0.0001347,p1402
0.88828,0.98095,0.0001569,p1403
0.80432,1.012,0.00012117,p1404
1.1246,0.93857,0.00025781,p1405
0.85062,1.1207,0.0001409,p1406
1.0276,1.1799,0.00022573,p1407
1.1364,0.82575,9.0352e-05,p1408
1.1162,0.90124,0.00013729,p1409
1.1099,0.8259,0.00022194,p1410
1.04,0.93038,0.00028232,p1411
0.95546,1.0392,0.00020209,p1412
0.92412,1.1474,0.00025289,p1413
0.97601,0.88065,0.00012952,p1414
0.86034,0.90719,8.7555e-05,p1415
1.1247,0.9573,0.0002954,p1416
0.82779,1.1305,8.7624e-05,p1417
0.96873,1.1466,0.00018022,p1418
0.96448,0.98225,8.4942e-05,p1419
0.95577,1.1159,0.00016451,p1420
1.0274,0.9676,0.0001239,p1421
0.96321,0.91269,0.00012542,p1422
0.82301,0.91995,0.00020248,p1423
0.9671,1.1186,0.00025869,p1424
1.1336,1.1942,0.00022101,p1425
1.0613,0.96264,0.00026177,p1426
0.86806,1.0575,0.00024428,p1427
1.1265,1.1685,0.00010605,p1428
1.1292,0.82361,9.6293e-05,p1429
1.1206,0.85742,0.00028503,p1430
0.91896,1.1182,0.00029948,p1431
1.0398,1.0345,0.00025309,p1432
1.0284,1.0773,9.2113e-05,p1433
0.9399,0.91969,0.00014638,p1434
0.99329,0.89225,0.00017203,p1435
1.023,0.81876,0.00022995,p1436
1.1674,0.80184,0.00023177,p1437
1.0844,0.8026,0.00027622,p1438
0.93885,0.8283,0.00010724,p1439
0.88247,0.83235,0.0001677,p1440
1.1472,0.9186,0.00017479,p1441
1.0131,1.1631,0.00021259,p1442
1.103,1.0213,0.00023376,p1443
1.1172,1.069,0.00012256,p1444
1.1949,0.93798,0.00014529,p1445
1.0039,1.1218,0.00014065,p1446
1.0502,1.0088,0.00018674,p1447
0.98386,1.1046,0.00029906,p1448
1.0296,1.1743,0.0001749,p1449
0.89175,0.83256,0.00024386,p1450
1.154,0.90403,0.00012524,p1451
1.1168,1.0479,0.00015073,p1452
0.96517,1.0917,0.00019449,p1453
1.0118,1.1777,0.0002518,p1454
0.81781,1.1049,0.00019241,p1455
0.93281,0.94493,0.00015279,p1456
0.89351,0.89941,0.00020081,p1457
0.84323,1.1875,0.00011892,p1458
0.86211,1.0957,0.00020255,p1459
1.0152,1.1289,0.00022324,p1460
1.1629,0.90348,0.0002112,p1461
1.052,0.90446,0.00024947,p1462
1.0729,0.94577,0.00023576,p1463
0.81175,0.96477,8.5072e-05,p1464
1.1635,0.91849,0.00018549,p1465
1.0773,1.02,0.00029136,p1466
1.136,0.82232,0.0001887,p1467
0.98065,1.1178,0.00020828,p1468
1.0927,0.85052,0.00027305,p1469
1.1987,1.1973,0.00029729,p1470
0.89297,1.1148,0.0001474,p1471
1.1951,1.0114,0.00028665,p1472
0.83491,0.8554,0.00018239,p1473
1.1084,1.0959,0.00013204,p1474
1.1788,1.0916,0.00014121,p1475
1.0487,1.0697,0.00026892,p1476
1.1875,0.97422,0.00015695,p1477
1.0879,0.80633,0.00018575,p1478
1.0261,1.1059,0.00026906,p1479
0.99018,0.82621,0.00014744,p1480
0.95212,1.1495,0.00021581,p1481
1.1017,1.0982,0.00020456,p1482
1.114,0.85976,0.00019235,p1483
0.99497,1.1396,0.00017432,p1484
1.122,1.1862,0.00020814,p1485
0.86333,0.99532,0.0002342,p1486
0.98369,0.86411,0.000203,p1487
0.86255,0.825,0.0002971,p1488
1.1985,1.0135,0.00027229,p1489
1.1527,1.0136,0.00010359,p1490
0.85541,0.98358,0.00012141,p1491
1.167,0.92935,8.0558e-05,p1492
0.96604,0.82858,0.00022727,p1493
1.1342,1.1201,0.00023985,p1494
1.003,0.89769,0.00014675,p1495
1.1813,1.0361,0.00019467,p1496
1.0948,1.1791,0.00015992,p1497
1.1636,1.0195,0.00029039,p1498
1.1785,0.86033,9.5347e-05,p1499
0.99132,1.1954,0.00012842,p1500
0.89293,1.0164,0.00015767,p1501
0.97099,1.1013,8.018e-05,p1502
1.097,0.97267,0.00015453,p1503
0.96863,0.935,9.7063e-05,p1504
1.1,1.1141,0.00013501,p1505
0.83514,1.0211,0.00012884,p1506
0.95694,1.1103,0.00015678,p1507
1.1739,1.071,0.00028344,p1508
1.0676,0.89597,0.00013197,p1509
0.85276,0.90579,0.00011026,p1510
0.86581,0.87278,0.00022993,p1511
0.8728,1.0267,0.00019645,p1512
0.87333,1.0549,0.00027856,p1513
0.95504,0.91362,0.00017923,p1514
0.86953,1.1383,9.8298e-05,p1515
1.0109,1.1158,0.00011084,p1516
0.85482,1.0677,0.00017568,p1517
1.1481,0.83176,0.00021783,p1518
0.99383,0.90827,0.00011612,p1519
0.81859,0.97433,0.00027154,p1520
0.97536,0.82259,0.00022712,p1521
1.064,0.99259,0.00013623,p1522
0.92777,1.0477,0.00017758,p1523
1.0266,1.0257,0.00013095,p1524
1.1724,0.81312,0.00014201,p1525
1.0567,1.0396,8.1122e-05,p1526
1.1981,0.88685,0.00024848,p1527
1.0768,0.94901,0.00028142,p1528
0.91589,0.99623,0.0002677,p1529
1.0433,1.1244,0.00029889,p1530
0.90488,1.1716,0.00022113,p1531
1.1644,0.89305,0.00024463,p1532
0.93571,0.90757,0.00016407,p1533
0.98001,1.1839,0.00016566,p1534
1.1967,1.1704,0.00015724,p1535
1.0843,1.0516,0.00019876,p1536
0.94538,1.0848,0.00024959,p1537
0.87108,0.8363,8.7328e-05,p1538
0.97901,0.95356,0.00018699,p1539
1.1939,0.98794,0.00024468,p1540
1.0625,1.065,8.377e-05,p1541
0.96387,1.0241,8.4457e-05,p1542
0.95256,1.1349,0.00020737,p1543
1.0272,1.1286,0.00016893,p1544
0.82992,0.95466,0.00013311,p1545
1.1523,1.1074,0.00020425,p1546
1.1482,0.86945,0.00022485,p1547
0.86546,0.84562,0.00014276,p1548
0.82661,1.1474,9.022e-05,p1549
1.1671,0.97087,0.00024818,p1550
0.85205,1.0125,0.00020031,p1551
0.99404,1.1442,8.7224e-05,p1552
0.92183,0.84823,0.00024673,p1553
1.0031,0.9451,0.00023311,p1554
0.98853,0.94143,8.7183e-05,p1555
1.1362,1.0333,0.00012556,p1556
1.0372,0.97696,0.00015827,p1557
0.99282,0.96557,0.00028384,p1558
0.9482,0.82902,0.00028241,p1559
0.89048,1.1654,0.00014922,p1560
1.0858,0.85874,8.2897e-05,p1561
1.1255,0.86467,0.00025593,p1562
1.0437,0.88491,0.00029511,p1563
0.92112,1.0669,0.00010599,p1564
1.1105,0.98984,0.00013348,p1565
0.84195,1.1524,0.00019524,p1566
1.1413,0.9124,0.00026457,p1567
1.1728,0.94205,0.00014853,p1568
0.81128,0.85826,0.00020948,p1569
0.97574,0.93204,0.00025379,p1570
1.1668,1.1817,0.00028784,p1571
1.1762,0.8489,0.000105,p1572
0.89261,1.0597,0.00018585,p1573
1.1685,1.0111,0.00021674,p1574
0.98258,1.0896,0.00010407,p1575
0.8603,1.1976,0.00027118,p1576
1.1038,1.1506,8.3788e-05,p1577
1.031,1.1805,0.00026951,p1578
0.81513,1.107,0.00024292,p1579
0.80178,0.9518,0.00017627,p1580
0.84838,0.83274,0.0002521,p1581
0.96753,1.0445,0.00014891,p1582
0.80304,1.0753,0.00016562,p1583
0.84946,1.01,0.00024979,p1584
0.97912,1.1155,0.00017559,p1585
1.1583,0.96563,0.00024287,p1586
0.93791,1.1203,8.7805e-05,p1587
0.97729,1.1664,9.9401e-05,p1588
1.0095,1.0116,0.0001996,p1589
1.0768,0.80807,0.00016295,p1590
0.9853,1.1091,0.00022798,p1591
1.0671,1.0806,0.00019638,p1592
0.90605,1.1423,0.00020269,p1593
0.89159,0.80116,0.00026283,p1594
1.1599,1.0813,0.00011189,p1595
0.84613,1.0564,0.0001097,p1596
0.87513,0.86223,0.00015715,p1597
0.8404,0.84007,0.00013354,p1598
0.83914,1.0951,0.00016073,p1599
1.0735,1.0336,0.00025039,p1600
1.006,1.0872,0.00017393,p1601
0.86449,0.97286,0.00021069,p1602
0.91174,0.85213,0.00013403,p1603
1.0934,1.0764,0.00019732,p1604
1.079,1.0528,0.00012412,p1605
1.1046,0.9819,0.00022621,p1606
0.8044,1.0477,0.00025144,p1607
0.96996,0.98219,0.00029064,p1608
0.90677,1.1179,0.0002708,p1609
1.0099,1.0045,0.00025523,p1610
0.86361,0.96525,0.00010567,p1611
1.0732,1.0498,0.00024335,p1612
0.92218,1.0103,0.00014518,p1613
1.1746,1.0139,0.00017161,p1614
1.1765,1.0961,0.00025462,p1615
0.84891,0.92595,0.00012079,p1616
1.129,0.92175,0.00024604,p1617
1.1068,0.83331,0.00017703,p1618
1.0101,1.0943,0.00028003,p1619
1.121,0.87566,0.00027036,p1620
1.1472,1.1837,0.00021002,p1621
0.93679,1.1197,9.4175e-05,p1622
0.80139,0.88706,0.00028926,p1623
1.0545,1.1819,0.00021237,p1624
1.0543,0.80666,0.0002866,p1625
1.0133,0.96485,0.00014821,p1626
1.1588,0.91037,0.00010766,p1627
0.9354,1.136,0.00029259,p1628
0.81111,1.1657,0.0002794,p1629
1.1589,0.9502,0.0001318,p1630
0.94663,1.0149,0.00020182,p1631
0.89419,0.91674,0.00029657,p1632
1.0632,0.9094,0.00027255,p1633
0.84626,1.0595,0.00011819,p1634
1.1332,0.82379,0.00028558,p1635
0.83233,1.192,0.00022685,p1636
0.93615,1.025,0.00016051,p1637
1.1556,1.0237,0.00027429,p1638
0.99425,0.81729,0.00028986,p1639
1.0411,1.0585,9.7674e-05,p1640
0.93848,1.0883,0.00015124,p1641
1.0216,0.81035,0.00029646,p1642
1.1895,0.95005,0.00026366,p1643
0.92788,1.1566,0.00016656,p1644
0.98877,0.91798,0.00020909,p1645
0.93816,0.91434,0.00014561,p1646
1.1825,1.1692,0.00013773,p1647
1.0142,0.94368,0.00027516,p1648
1.1618,0.95757,0.00010275,p1649
0.83684,1.0486,9.8122e-05,p1650
1.0026,1.1612,0.00012267,p1651
1.0733,1.0036,0.00019171,p1652
0.84029,1.1118,0.00025928,p1653
0.83534,0.84501,0.00021034,p1654
1.1313,1.1974,0.00011137,p1655
0.86349,1.1885,8.6802e-05,p1656
1.1092,0.9777,0.00020347,p1657
1.1376,0.89519,0.00023811,p1658
1.1557,0.98565,0.00027756,p1659
1.0129,0.87303,0.00025299,p1660
0.87653,0.87575,0.00025397,p1661
1.0516,1.066,0.00029614,p1662
1.1907,0.87063,0.00022932,p1663
1.07,1.0557,0.00019837,p1664
0.94355,0.97203,8.0818e-05,p1665
0.94289,0.85124,0.00010588,p1666
0.85984,1.1831,0.00020574,p1667
1.0396,0.82795,0.00024185,p1668
0.82571,1.1166,0.00028188,p1669
0.90087,1.1528,0.00029868,p1670
0.85856,1.0728,0.00029822,p1671
1.0074,1.1545,0.00020127,p1672
1.0203,0.91692,0.00016647,p1673
1.1972,1.0573,0.00011284,p1674
1.0334,0.85407,0.00028747,p1675
0.93182,1.1645,0.00024615,p1676
1.0335,0.96667,0.00025655,p1677
1.0382,1.1057,0.00029558,p1678
1.0417,0.9983,0.00017058,p1679
0.99243,0.88355,0.00024549,p1680
0.88755,1.1858,0.00017803,p1681
1.1456,1.0695,8.6982e-05,p1682
0.93316,0.98324,0.00021972,p1683
1.119,0.99297,0.00015667,p1684
1.1741,1.0678,0.00012087,p1685
0.8611,1.0538,0.0001183,p1686
1.1673,1.0503,0.0001229,p1687
0.84861,1.0845,0.00018382,p1688
0.94494,0.95499,0.00029582,p1689
0.85958,0.99898,9.8211e-05,p1690
0.96798,1.1786,0.00013262,p1691
0.9071,1.0278,0.000232,p1692
1.0011,0.99917,0.00011633,p1693
1.0826,1.1709,8.2302e-05,p1694
1.1338,0.84083,9.1885e-05,p1695
0.82386,0.82182,0.00017655,p1696
1.0226,1.022,0.00025008,p1697
1.0954,1.0894,0.00019599,p1698
1.1693,0.95326,0.00018466,p1699
1.1302,0.80479,0.00020113,p1700
1.1691,1.1827,0.00028217,p1701
1.0823,1.1961,0.00019034,p1702
0.89132,0.87614,0.00026933,p1703
1.0199,1.1198,0.00010179,p1704
0.81735,0.90686,0.00022166,p1705
1.0371,0.9258,0.00013894,p1706
1.1787,0.98523,0.00011165,p1707
0.85779,1.1937,0.0002408,p1708
1.1425,0.88302,0.0001179,p1709
1.1535,1.1354,0.00023197,p1710
1.0375,0.84989,0.00011159,p1711
1.086,0.99354,0.00026087,p1712
1.174,1.1695,0.00028717,p1713
0.97994,0.90268,0.00020696,p1714
0.87402,0.86744,0.00013518,p1715
0.96689,1.1771,0.00019462,p1716
0.98667,1.0998,0.00013671,p1717
0.81822,0.86429,0.00029765,p1718
0.89835,1.0262,0.0001711,p1719
1.1103,1.1406,9.6255e-05,p1720
0.9527,0.91636,0.00019125,p1721
0.92085,1.1908,0.00018254,p1722
1.0923,1.0606,0.00011417,p1723
0.94997,0.81068,0.00015358,p1724
1.1901,1.0183,0.00028286,p1725
1.147,1.0282,0.00027027,p1726
0.85155,1.0857,0.00028939,p1727
0.88905,0.96342,0.00025244,p1728
0.95523,1.142,0.0002747,p1729
0.81688,1.1253,0.00026099,p1730
1.0468,0.85416,0.00016823,p1731
0.94497,0.89779,0.00011853,p1732
1.1962,1.1775,0.00022077,p1733
1.1858,1.0007,9.4913e-05,p1734
1.1956,1.1173,0.00024036,p1735
0.91312,1.1138,0.0002349,p1736
1.0229,0.83794,0.0001261,p1737
0.89912,0.96836,0.00029606,p1738
0.86479,0.96603,0.00011384,p1739
1.0088,1.178,0.00018949,p1740
0.99266,1.0384,0.00020007,p1741
1.1853,0.96175,0.00026535,p1742
0.95662,0.81989,0.00021819,p1743
0.85377,0.93604,0.00022331,p1744
1.1804,1.0024,0.00018005,p1745
1.0554,1.0932,0.00010782,p1746
0.93587,1.1401,0.00015608,p1747
0.80651,1.1543,0.00027009,p1748
1.1713,1.1526,0.00015339,p1749
1.0038,0.93559,0.0002597,p1750
0.899,0.86308,0.00018795,p1751
1.0322,0.98066,9.8893e-05,p1752
0.94645,0.91018,0.00013699,p1753
1.0124,0.93709,0.00012797,p1754
0.81202,1.0512,0.0001201,p1755
0.94271,0.93231,0.00027283,p1756
0.88654,1.0502,0.00010115,p1757
1.0222,0.88877,0.00024183,p1758
0.83131,0.93287,0.00020174,p1759
0.98908,1.1119,0.00027777,p1760
0.90229,0.82214,0.00014296,p1761
0.87894,0.99174,0.00014456,p1762
1.1385,0.91052,0.00026999,p1763
1.145,1.1216,0.00014047,p1764
1.0144,1.004,0.000247,p1765
1.1223,1.004,0.00021861,p1766
1.0287,1.1022,0.00020014,p1767
0.82595,1.0814,9.4706e-05,p1768
0.90803,0.89828,0.00025427,p1769
0.85685,1.104,0.00015621,p1770
1.0248,1.0424,0.00015729,p1771
0.93269,0.89115,0.00027018,p1772
0.94127,0.90054,0.00010449,p1773
1.198,0.837,0.00011296,p1774
1.1301,0.83912,0.00024994,p1775
0.82938,0.82685,0.00021954,p1776
1.1248,0.84069,0.00017905,p1777
0.8101,0.88323,0.00010241,p1778
0.91952,0.99975,0.00015314,p1779
0.88479,1.1557,0.00025449,p1780
1.0546,0.81752,0.00028321,p1781
0.90841,0.95985,0.00010367,p1782
1.0802,0.8623,0.00017312,p1783
1.0109,1.1211,0.00021353,p1784
1.0702,1.0224,0.00010161,p1785
1.0443,0.98841,0.00025923,p1786
1.1456,0.85958,0.00025411,p1787
1.1018,0.87682,0.00016102,p1788
1.1035,0.83219,0.00012595,p1789
0.94093,0.89526,0.00016873,p1790
1.0189,1.1651,0.00025083,p1791
1.1004,1.1635,0.00010853,p1792
0.84605,1.0754,0.00013392,p1793
1.0312,0.88506,0.00021367,p1794
1.028,1.0068,0.0002451,p1795
1.0506,0.85797,0.00027585,p1796
1.1678,0.94409,0.00023608,p1797
1.1118,1.1987,0.00018592,p1798
1.1389,1.1443,0.00027435,p1799
0.85333,1.0561,0.0002059,p1800
0.83319,0.94622,0.00012809,p1801
1.193,0.92107,0.00025356,p1802
1.1087,0.94454,8.3912e-05,p1803
1.0691,0.94564,9.3616e-05,p1804
0.82245,1.1265,0.00029296,p1805
0.94445,1.1308,0.00017373,p1806
1.1089,0.92678,0.00023883,p1807
0.80952,0.82025,0.00017716,p1808
0.81285,0.99854,9.2263e-05,p1809
1.1625,0.80956,0.00020926,p1810
1.0912,1.1796,0.00027656,p1811
0.86534,1.1608,8.8728e-05,p1812
1.1735,1.042,0.0002476,p1813
1.1706,1.0227,0.00026478,p1814
1.1438,0.90399,0.00018804,p1815
0.8282,0.98805,0.00024802,p1816
0.95049,0.93914,0.00020778,p1817
1.1282,0.94242,0.00022428,p1818
1.1581,1.1516,0.0002577,p1819
0.96658,1.0783,0.00017535,p1820
0.88022,0.83768,0.00021507,p1821
0.94769,1.0618,0.00010905,p1822
0.84868,0.81092,0.0001904,p1823
0.86294,1.0679,0.00021775,p1824
0.94616,1.03,0.00029144,p1825
0.86179,0.8941,0.00017083,p1826
0.91749,0.88587,0.00025696,p1827
1.1269,0.97404,0.00023323,p1828
1.078,1.1185,0.00024953,p1829
0.95879,0.8595,8.8813e-05,p1830
0.80227,1.1301,0.00011128,p1831
0.85611,0.98946,8.7732e-05,p1832
1.0962,0.80549,0.00018008,p1833
0.8026,1.1321,0.00013094,p1834
0.82042,0.99867,8.2075e-05,p1835
1.0559,1.1482,0.00018511,p1836
0.8932,1.1225,0.00029945,p1837
0.83893,0.99716,0.000259,p1838
1.1353,1.1499,0.00023013,p1839
1.0901,0.81423,0.00016833,p1840
0.8149,1.1297,0.00029204,p1841
1.0869,0.90616,0.00021679,p1842
0.90144,0.93718,0.00024729,p1843
1.1594,1.0432,0.00019806,p1844
1.0598,0.95976,0.00011775,p1845
0.89658,1.0821,0.00023453,p1846
1.1663,1.0625,0.00018501,p1847
0.89921,1.1991,0.00021515,p1848
0.95699,1.1068,9.0103e-05,p1849
1.0698,1.0386,0.00013002,p1850
1.186,0.96072,0.00014179,p1851
0.81951,0.90566,0.00025027,p1852
0.9576,1.1084,0.00012898,p1853
0.93893,0.95115,0.00012034,p1854
1.1926,1.1314,0.00017777,p1855
1.0201,0.92263,0.00027324,p1856
0.84448,1.1921,0.00026989,p1857
0.88052,0.8168,0.00019443,p1858
1.0871,0.97721,0.00029912,p1859
1.0087,0.88062,8.6472e-05,p1860
0.98884,0.98415,0.00011017,p1861
0.89804,0.99231,0.0002238,p1862
1.0243,0.96394,0.00019053,p1863
1.0795,1.0363,0.00013034,p1864
0.92101,0.85286,0.00020231,p1865
0.90936,0.86392,0.0002424,p1866
0.85348,1.127,0.00015519,p1867
0.94104,1.0968,0.00015503,p1868
1.0002,1.1272,0.00013078,p1869
0.94245,0.86342,0.00020266,p1870
0.97111,1.0742,0.00013273,p1871
1.0332,0.86123,0.00026761,p1872
0.83258,0.95196,0.00013595,p1873
1.0253,1.1399,0.00022119,p1874
0.91103,0.86646,0.00027219,p1875
1.0743,0.92255,0.00013214,p1876
0.87711,0.92808,0.00026676,p1877
0.83606,0.9553,0.00016079,p1878
0.92442,1.0153,0.00019628,p1879
1.0854,1.0698,0.00025347,p1880
1.1008,0.89881,0.00013726,p1881
1.1855,1.1735,0.00021197,p1882
0.98118,1.1405,0.00025333,p1883
0.84679,0.96147,0.00011646,p1884
0.8903,0.83671,0.00019214,p1885
1.0355,1.0874,0.00018406,p1886
1.1862,1.0038,0.00024,p1887
0.91065,0.99496,0.0002142,p1888
1.0873,0.94554,0.00017895,p1889
0.83835,1.0767,0.00027344,p1890
1.1441,1.1522,0.0001259,p1891
0.98423,1.1246,0.00028433,p1892
0.98802,1.1599,0.00011776,p1893
0.99539,0.9241,0.00010416,p1894
1.1081,1.1682,8.6584e-05,p1895
0.92858,0.84248,0.00021663,p1896
1.1969,0.80209,0.00028786,p1897
1.0183,1.1248,0.00019292,p1898
0.98962,1.0208,0.0001337,p1899
1.0929,1.1602,0.00021755,p1900
0.84978,0.97804,0.00021251,p1901
1.0991,0.98194,0.00026314,p1902
0.9193,0.9427,0.00019184,p1903
1.0459,0.8229,0.00022645,p1904
0.97556,0.87208,0.00020125,p1905
0.96046,1.0825,0.00028839,p1906
0.93076,0.81004,0.00022984,p1907
0.98339,0.84834,0.00027332,p1908
0.847,1.1047,0.0001136,p1909
0.94788,0.90023,0.00010015,p1910
0.89059,0.98717,0.00026974,p1911
1.1816,0.90507,0.00027502,p1912
0.9796,0.92827,0.00028759,p1913
0.93807,1.1393,0.00019751,p1914
1.0758,1.1886,0.00023697,p1915
0.83656,0.97567,0.00016003,p1916
1.0053,1.008,0.00022718,p1917
1.1887,1.0626,0.00022356,p1918
0.8301,1.1076,8.0069e-05,p1919
0.87215,0.90299,0.00028295,p1920
1.1402,1.0286,0.00024091,p1921
1.1373,1.0217,0.00025071,p1922
1.0647,0.86821,0.00016271,p1923
1.0816,0.83486,9.0515e-05,p1924
0.90693,1.0061,0.00020649,p1925
0.88288,0.857,0.00012105,p1926
0.844,0.87188,0.00010346,p1927
0.96292,0.84166,0.00027123,p1928
0.94388,1.1747,0.00028371,p1929
1.1806,1.1573,0.00026596,p1930
1.169,0.80283,0.00015293,p1931
1.1615,0.91587,0.00016724,p1932
0.99728,1.0249,0.00018145,p1933
1.0364,1.1664,0.00014212,p1934
1.0452,0.95205,0.00015301,p1935
0.90585,1.0132,0.0002491,p1936
1.1155,1.1811,9.5063e-05,p1937
1.0475,0.92661,0.00021567,p1938
1.0428,1.1067,0.00029099,p1939
0.9228,1.0397,0.000127,p1940
1.1237,1.1504,0.00016305,p1941
1.0358,1.1484,0.00021465,p1942
0.95897,0.90696,0.00028633,p1943
1.0791,0.87535,0.00027177,p1944
0.86637,0.9493,0.00015772,p1945
0.95172,0.93521,0.00018286,p1946
1.1345,1.1564,0.0002373,p1947
1.1999,0.83118,0.00026554,p1948
1.0091,0.8082,0.00021836,p1949
1.0533,0.93932,0.00019827,p1950
0.97396,1.0167,0.00014057,p1951
0.86435,0.90248,0.00024476,p1952
1.0897,0.80646,0.00012428,p1953
1.176,0.8392,9.9202e-05,p1954
0.98252,1.0209,8.9667e-05,p1955
0.94306,1.0311,0.00028684,p1956
0.83723,1.0653,0.00028076,p1957
1.0051,0.91655,0.0001399,p1958
1.0336,0.9409,0.00018306,p1959
0.86519,0.93347,0.00027787,p1960
1.0067,1.0454,0.00026444,p1961
1.1436,1.0798,0.000174,p1962
0.8508,0.92309,0.00010516,p1963
1.0379,1.1929,0.00014682,p1964
0.93129,1.0793,9.44e-05,p1965
0.87776,0.98485,0.00020836,p1966
1.0804,1.0489,0.00014613,p1967
1.1991,1.018,0.00016254,p1968
0.99446,0.81769,9.2428e-05,p1969
1.1076,0.85655,0.00017436,p1970
1.1923,0.98026,8.3679e-05,p1971
0.8781,1.1766,8.8172e-05,p1972
0.87523,0.84384,0.00023567,p1973
1.008,0.98264,0.00019151,p1974
0.83957,1.1978,0.00023097,p1975
0.86594,0.94059,0.00020955,p1976
1.1073,0.89617,0.00014189,p1977
1.0216,0.92983,0.00020601,p1978
1.0019,0.94021,0.00015798,p1979
1.1987,1.1252,0.00012338,p1980
1.1937,0.94849,0.0002224,p1981
0.96097,1.0457,0.00026123,p1982
1.0713,0.8495,0.00026115,p1983
0.87448,0.9761,0.0002803,p1984
0.93635,1.1441,0.00026919,p1985
1.1734,0.96817,0.00029775,p1986
0.93654,1.1577,8.5573e-05,p1987
0.8134,1.1143,0.00021402,p1988
0.9767,0.91107,0.0002315,p1989
1.1534,1.0986,0.00023447,p1990
1.0121,1.1468,0.00019657,p1991
1.0403,1.1632,0.0001553,p1992
1.1459,1.1627,0.00014163,p1993
1.0906,1.0517,0.0001158,p1994
1.0607,1.1687,0.0001721,p1995
1.1278,1.0666,0.00021891,p1996
1.1333,0.91286,0.00022834,p1997
0.96816,0.9271,0.00015386,p1998
0.87492,0.86776,0.00020622,p1999
1.1347,0.81269,0.00015246,p2000
0.89526,0.88851,0.00014867,p2001
1.1388,0.94881,0.00021591,p2002
0.93225,0.90333,0.00019541,p2003
1.1178,0.89493,0.00026826,p2004
1.1112,1.1012,0.00011054,p2005
1.1054,1.0049,0.00012742,p2006
1.1719,1.1556,0.00016604,p2007
0.8106,1.1296,0.00024273,p2008
0.89647,1.0737,0.00023298,p2009
0.8571,1.0184,0.00018563,p2010
1.0369,0.88645,0.00017688,p2011
0.90864,1.093,0.00023413,p2012
0.81419,1.0188,0.00012726,p2013
0.84068,1.0551,0.00020384,p2014
0.95626,0.95244,0.00019563,p2015
1.1323,1.1493,0.00023935,p2016
1.1214,0.93659,0.00010322,p2017
1.1143,0.99029,8.9194e-05,p2018
1.1181,1.0636,0.00010008,p2019
0.87038,1.1435,0.00027987,p2020
0.96581,0.86206,0.00010324,p2021
1.1809,1.101,0.00016242,p2022
0.87598,0.86967,0.00026449,p2023
0.91572,0.9974,0.00025791,p2024
1.0537,1.1553,0.00027375,p2025
0.86374,0.96978,0.00016376,p2026
1.0953,0.90802,0.00012523,p2027
1.0495,0.9696,0.00014009,p2028
1.1176,0.99049,0.00025572,p2029
1.0717,1.0931,0.00020337,p2030
0.8171,0.81213,0.00014328,p2031
0.96633,0.84692,0.00023434,p2032
1.1307,0.9834,0.00020605,p2033
0.92887,1.1082,9.8977e-05,p2034
0.81405,1.1667,0.00021625,p2035
1.0116,0.90648,0.00022471,p2036
0.85248,0.94439,0.00018086,p2037
1.0909,0.93252,0.0001338,p2038
0.84432,0.97812,0.00019198,p2039
1.1121,0.88901,0.00021031,p2040
0.95083,0.81406,0.00018633,p2041
0.95104,1.0988,0.00024643,p2042
0.92597,0.83899,0.00013014,p2043
0.80789,0.93875,0.00024918,p2044
0.85399,0.84125,0.00016488,p2045
1.0179,1.0363,0.00010205,p2046
1.0001,1.1708,0.00013791,p2047
0.98444,1.1999,0.00029265,p2048
0.93721,0.89844,0.0001839,p2049
1.1082,0.81295,0.00020069,p2050
1.1631,1.0336,0.00012298,p2051
1.1947,0.85599,0.00012045,p2052
0.83063,0.84554,0.00015576,p2053
1.038,1.0973,0.00017067,p2054
1.1466,0.93986,0.00019887,p2055
1.106,1.1569,0.00011819,p2056
0.85308,0.82754,0.00011051,p2057
1.192,1.0438,0.00016423,p2058
1.0223,1.1747,0.0002627,p2059
1.1304,0.86632,0.00023701,p2060
0.88716,1.1038,0.00027818,p2061
0.82384,0.83694,0.00011119,p2062
1.0413,1.0161,0.00018058,p2063
1.0352,0.82656,0.00016342,p2064
0.91962,1.1299,0.00028699,p2065
0.97448,1.0905,8.1419e-05,p2066
0.98544,1.0411,0.00026048,p2067
1.0722,1.133,9.4864e-05,p2068
1.0034,0.98474,0.00012929,p2069
0.95854,1.017,0.00016534,p2070
1.032,1.1829,9.7776e-05,p2071
1.0312,1.0806,9.7709e-05,p2072
0.81314,1.0581,0.00028015,p2073
1.0025,0.9395,0.00028523,p2074
1.0936,0.94644,0.0001615,p2075
0.99474,1.1661,1e-04,p2076
1.1015,0.92798,0.00024301,p2077
0.97849,1.0599,0.00029032,p2078
1.0157,1.0102,0.00027659,p2079
0.93445,0.80876,0.00015985,p2080
1.1495,1.1397,0.00025097,p2081
0.99054,0.92151,0.00016758,p2082
0.92369,1.1192,9.7173e-05,p2083
0.87789,1.1025,0.00022525,p2084
0.88894,1.0172,0.00028947,p2085
1.0413,1.0721,0.00015008,p2086
1.1086,1.0247,0.00014962,p2087
0.90646,1.1768,0.00014247,p2088
1.0549,1.1325,0.00029467,p2089
1.1863,1.0836,0.00026236,p2090
0.80156,0.90172,0.0001477,p2091
0.84757,1.0804,0.00026865,p2092
0.89435,1.1102,0.00020744,p2093
0.82618,1.0448,0.00022809,p2094
1.081,0.92838,0.00021271,p2095
1.126,1.0093,0.00017125,p2096
0.88616,1.0896,0.00019985,p2097
0.93194,0.84177,0.00017583,p2098
1.0541,1.1463,0.00018879,p2099
1.0314,1.0604,0.00017022,p2100
1.1885,0.85002,0.0002512,p2101
1.0427,1.1477,0.00013516,p2102
0.93685,1.1578,0.000249,p2103
0.92729,0.94659,0.00018066,p2104
1.0069,1.0911,0.00026882,p2105
0.82641,0.88284,0.00027062,p2106
0.84974,1.0366,0.00012305,p2107
1.0615,0.80444,0.00017766,p2108
0.80626,1.0548,0.00026531,p2109
0.98463,1.0713,0.00029293,p2110
0.82084,0.91749,0.00012333,p2111
1.1897,0.84707,0.00013023,p2112
0.92392,0.95771,0.00012065,p2113
0.97257,0.99203,9.1862e-05,p2114
0.94518,1.1953,0.00013287,p2115
1.0564,1.1199,9.0618e-05,p2116
1.1845,0.96589,8.2569e-05,p2117
1.1506,0.8313,0.00028491,p2118
0.92563,1.1644,0.00024201,p2119
0.92918,1.146,0.00022586,p2120
1.1153,1.034,0.00017871,p2121
1.1348,0.91073,0.00028409,p2122
1.1215,0.95957,0.00010634,p2123
1.0783,0.86924,0.00027842,p2124
0.83939,1.0639,0.0002744,p2125
1.0993,1.0966,0.00014425,p2126
0.94947,1.0228,0.00027969,p2127
1.0915,0.87875,0.0002675,p2128
0.98086,1.19,0.00013399,p2129
1.0645,0.83282,0.00013932,p2130
0.90074,0.91782,0.0001554,p2131
1.1379,1.1558,0.00025423,p2132
1.1355,1.0065,0.00022255,p2133
1.0489,0.81466,0.00013903,p2134
0.85753,1.0284,0.00026255,p2135
0.95857,1.0541,0.00022446,p2136
1.1067,0.9662,0.00024124,p2137
1.1502,1.0126,0.00011659,p2138
0.89272,1.0964,0.00014548,p2139
0.91155,1.155,0.00029673,p2140
1.1662,1.0252,0.00023889,p2141
0.88679,0.83783,8.9281e-05,p2142
0.85907,1.0621,0.00013854,p2143
0.82853,1.0706,0.00023776,p2144
1.1328,1.1754,0.00010705,p2145
0.99117,1.0736,0.00010253,p2146
1.0045,1.1367,0.00015737,p2147
0.91674,0.85764,0.00018612,p2148
1.0471,0.93853,0.00027361,p2149
1.1231,0.81152,0.00029803,p2150
1.0999,0.80139,0.00014145,p2151
1.0058,1.1737,0.00018523,p2152
1.1944,1.1219,0.00027846,p2153
0.87293,1.1034,0.00026243,p2154
0.83083,1.0206,0.00016854,p2155
1.117,0.89137,0.00027889,p2156
0.80934,0.91217,0.00028978,p2157
0.90375,1.1325,0.00018786,p2158
1.1931,1.0829,0.00012128,p2159
1.1142,1.0719,0.00016843,p2160
1.1752,0.8244,0.00023511,p2161
0.96197,1.047,0.00019073,p2162
1.0316,1.141,0.00015224,p2163
0.83043,1.1576,9.936e-05,p2164
0.80692,0.91163,8.1844e-05,p2165
0.92653,1.1204,0.0002438,p2166
0.92199,1.0474,0.00027404,p2167
1.1397,1.1425,0.00016887,p2168
1.0857,0.82958,0.00017852,p2169
0.83415,1.0933,0.00025492,p2170
1.027,0.81709,0.00023043,p2171
1.1139,0.90047,0.00023839,p2172
0.89674,1.1272,0.0002263,p2173
1.1958,1.1369,0.00022275,p2174
1.098,1.1151,0.00011034,p2175
0.84927,0.93401,8.2736e-05,p2176
1.1395,0.97501,0.00029782,p2177
1.1548,0.92765,0.00027246,p2178
1.0561,0.95948,0.00014461,p2179
1.0465,0.98592,0.00017587,p2180
1.0435,0.81124,0.0001354,p2181
0.86713,1.1684,9.1679e-05,p2182
0.87246,1.0752,0.00012925,p2183
1.0738,1.0287,0.00015167,p2184
0.94564,1.1395,0.00022689,p2185
1.047,0.95586,0.00012216,p2186
1.1752,0.93115,0.0002156,p2187
1.1463,0.84526,0.00015437,p2188
1.018,1.0141,9.3042e-05,p2189
1.1137,1.0349,0.000101,p2190
0.88151,0.9771,0.00024311,p2191
0.86408,0.84299,0.0001628,p2192
1.1603,0.82096,0.00012488,p2193
1.1421,0.93817,0.00020561,p2194
0.89845,0.83556,0.00022887,p2195
0.88511,0.90004,0.00016812,p2196
0.98024,0.96795,0.0001584,p2197
0.8833,1.0078,0.00015427,p2198
1.0114,1.0738,0.00028109,p2199
1.1934,0.82397,0.00017874,p2200
1.1327,1.1918,0.00013449,p2201
0.86665,0.84132,0.00011251,p2202
1.1118,0.87843,8.3119e-05,p2203
1.01,1.059,0.00022372,p2204
1.188,0.94221,0.00025617,p2205
0.92142,0.85756,0.00016514,p2206
1.1032,0.88401,0.00017291,p2207
0.97334,1.0949,0.00013429,p2208
0.80735,0.86021,0.00025649,p2209
0.99882,1.0855,0.00027483,p2210
0.9122,1.1868,0.00024654,p2211
1.0391,0.86615,0.00015558,p2212
1.0556,0.9342,0.00024407,p2213
0.98641,1.0319,0.00023671,p2214
1.1795,0.89181,0.0001969,p2215
1.1773,1.1995,0.0001735,p2216
1.1989,1.1072,9.9472e-05,p2217
0.97765,0.96035,0.00026181,p2218
0.84569,0.94543,0.00025046,p2219
1.0887,0.80702,0.00017108,p2220
1.1904,0.82601,0.0001692,p2221
1.0986,0.97536,0.00010307,p2222
0.96186,0.90657,8.5635e-05,p2223
1.0302,0.9149,0.00013158,p2224
0.83112,1.0357,9.1051e-05,p2225
1.1576,1.1787,0.0002522,p2226
0.88664,0.95404,0.00025036,p2227
0.98708,0.98626,0.00024887,p2228
1.1381,0.82349,0.00029187,p2229
1.0976,0.9924,0.00020364,p2230
1.1604,1.1231,0.00012191,p2231
1.1109,0.96539,0.00014078,p2232
1.1097,0.82155,0.00019928,p2233
1.1571,1.1513,0.00012942,p2234
1.0305,0.87763,0.00029078,p2235
1.1324,0.92074,9.6653e-05,p2236
1.0853,1.0316,0.00027271,p2237
1.0252,0.85306,0.0001891,p2238
0.89389,0.99664,9.4118e-05,p2239
0.90892,1.1106,0.00024783,p2240
0.82006,0.81513,0.00021293,p2241
0.91998,1.0028,9.2003e-05,p2242
0.90969,1.1105,0.00015853,p2243
1.1297,0.92772,8.2926e-05,p2244
0.99416,1.0993,0.00010336,p2245
1.1748,1.0647,0.00012029,p2246
1.096,1.0179,0.00010655,p2247
1.158,0.96217,0.00028858,p2248
1.1911,0.83018,0.00029394,p2249
1.1538,1.1758,0.0002045,p2250
1.0627,1.1788,0.00026899,p2251
0.82903,0.94828,0.00026819,p2252
0.95345,1.0891,9.1405e-05,p2253
1.1761,0.99519,0.00018075,p2254
1.119,1.1429,0.00025106,p2255
1.0719,0.9837,0.00023229,p2256
0.84774,1.1925,0.0002912,p2257
0.90821,1.0609,0.00018928,p2258
0.89887,0.87226,0.00023681,p2259
0.87124,1.1018,0.00026771,p2260
0.96742,0.965,0.00017281,p2261
0.95469,0.88776,0.00018203,p2262
1.0558,0.91318,0.00018684,p2263
1.021,0.94981,0.00016747,p2264
1.0657,0.85314,0.00020641,p2265
1.0162,0.87788,0.000141,p2266
1.0866,1.1705,0.0001469,p2267
1.004,0.81937,0.00028803,p2268
1.0862,1.0353,0.00017519,p2269
1.1493,0.97874,0.00020356,p2270
0.87876,1.1947,0.00022093,p2271
1.1132,1.0968,0.00012358,p2272
0.92699,0.98171,0.0001604,p2273
1.0467,0.87483,8.1168e-05,p2274
1.0352,0.92878,0.00019327,p2275
1.0727,1.1597,0.00010898,p2276
0.94718,1.0912,0.00025744,p2277
0.99685,0.97038,0.00011452,p2278
0.87852,0.83,0.00018975,p2279
0.92811,1.1947,0.00018887,p2280
1.113,0.80605,0.00014447,p2281
1.1793,1.0441,0.00027078,p2282
0.81625,0.88561,0.00012744,p2283
1.059,0.81714,0.00017259,p2284
0.80274,1.0583,0.00027206,p2285
1.0441,0.91713,9.5574e-05,p2286
1.0323,0.82708,0.00011395,p2287
1.099,1.0873,0.000144,p2288
0.89862,0.89431,0.0002671,p2289
0.91919,1.1009,0.00023995,p2290
1.1274,0.82041,0.00016934,p2291
1.0014,0.89814,0.00011794,p2292
0.98129,1.1128,9.7926e-05,p2293
0.82131,0.9855,0.00022452,p2294
0.85422,0.92488,0.00026617,p2295
0.80241,1.1379,0.00013836,p2296
0.99081,0.90488,0.00019204,p2297
1.173,1.1866,0.00018554,p2298
1.1179,1.1964,0.00017993,p2299
1.1562,0.91342,0.00014134,p2300
1.0235,1.0417,0.00017146,p2301
1.1428,1.1519,0.00024563,p2302
1.0051,1.0189,0.0002303,p2303
1.0836,0.82969,0.0001588,p2304
1.1474,0.87738,0.00017619,p2305
0.88543,0.97758,0.00018336,p2306
0.91423,1.1547,0.00015087,p2307
0.90877,1.0191,0.00021142,p2308
0.92503,1.1263,9.8828e-05,p2309
1.1657,0.81901,0.00021101,p2310
1.0416,0.93277,0.00026857,p2311
0.83622,1.1673,0.00015903,p2312
1.0103,1.0952,0.00014606,p2313
1.017,0.81386,0.00017272,p2314
0.86898,0.88123,8.2541e-05,p2315
0.96009,1.1283,0.00014341,p2316
1.0874,1.1676,9.5299e-05,p2317
0.88197,0.90217,0.00011685,p2318
1.0148,0.84914,0.00021573,p2319
1.1976,1.0429,0.00026375,p2320
0.82532,1.005,0.000204,p2321
0.95515,0.97227,0.00014018,p2322
0.88274,1.1358,0.00019431,p2323
1.0376,0.98313,9.4462e-05,p2324
1.1253,0.86732,0.00012998,p2325
1.1042,0.81365,0.00020488,p2326
0.94735,1.0057,0.00023077,p2327
1.1399,1.1177,0.00013717,p2328
1.0137,0.94747,0.0001022,p2329
0.87954,0.86131,0.00016127,p2330
1.0893,1.0058,8.9895e-05,p2331
0.87565,0.83096,0.00014971,p2332
0.8845,0.87954,0.00019868,p2333
1.1227,0.87917,0.00026418,p2334
0.91737,1.1212,0.00010736,p2335
0.9704,1.1079,0.00013368,p2336
0.90281,0.96228,0.00010865,p2337
1.0159,1.1677,0.00020391,p2338
1.1782,1.1807,0.00016777,p2339
1.1511,1.1448,0.00012183,p2340
0.91115,1.1876,0.00017048,p2341
0.85772,1.0785,0.00013975,p2342
0.98055,1.0199,0.00016845,p2343
1.0246,0.85616,0.00021633,p2344
0.95097,1.0842,0.00025501,p2345
1.0916,0.83878,0.00018936,p2346
1.0478,1.1522,0.00026341,p2347
0.9684,0.8659,0.00017974,p2348
1.0905,0.99597,0.00026167,p2349
0.97353,1.0746,0.00019484,p2350
0.96,1.033,0.00021962,p2351
0.83844,1.1233,0.00026504,p2352
1.0737,0.98652,0.00013056,p2353
1.1433,0.95636,0.00029115,p2354
0.81458,1.0177,8.9517e-05,p2355
0.96025,1.0145,0.00012854,p2356
0.98191,1.0772,0.0001765,p2357
0.86237,0.91549,0.00010478,p2358
1.1823,1.0662,0.00017296,p2359
0.9638,1.1411,0.00019816,p2360
1.1229,0.85457,0.0002051,p2361
0.82795,1.1343,0.0001472,p2362
0.88917,0.81549,0.00029965,p2363
0.93312,1.0671,0.000219,p2364
1.1524,0.89015,0.00015116,p2365
0.92717,0.8421,0.00017157,p2366
1.194,1.0744,0.000119,p2367
0.90416,1.0282,0.00010919,p2368
0.86833,0.98128,0.00010547,p2369
1.1408,1.1934,0.00024527,p2370
0.83334,0.88137,0.00014763,p2371
0.84209,0.98456,0.00010049,p2372
0.90327,1.1306,0.00012575,p2373
0.83739,1.139,0.00013778,p2374
0.85456,0.93084,0.00015663,p2375
1.133,0.89085,0.00024627,p2376
1.0459,0.85646,0.00010977,p2377
1.1491,1.1782,0.00022923,p2378
0.92237,1.1928,0.00013789,p2379
1.0482,0.93838,0.00014587,p2380
1.0709,1.0687,0.00027524,p2381
0.88342,1.0414,0.00011995,p2382
0.87261,0.91565,0.00022225,p2383
1.1853,1.026,0.00027219,p2384
1.0583,1.0321,0.00025279,p2385
1.0476,0.92115,0.00010443,p2386
0.8957,1.1608,0.00020711,p2387
1.0989,0.95893,0.00015977,p2388
1.1532,0.86892,0.00026036,p2389
1.1648,0.88381,0.00014366,p2390
0.96557,0.93184,0.00024172,p2391
0.80489,0.89103,0.00027451,p2392
1.068,0.88994,0.00010421,p2393
0.88792,0.98671,9.9114e-05,p2394
0.97694,0.97532,0.00018434,p2395
1.0704,0.80588,0.00020661,p2396
0.94151,0.9873,0.00018267,p2397
0.9857,1.0308,0.00018817,p2398
1.136,0.88924,0.00014377,p2399
0.92365,1.0056,0.00013994,p2400
0.95953,1.1381,0.00015593,p2401
1.0635,1.0066,0.00019314,p2402
1.1651,0.8907,0.00017014,p2403
1.0329,0.85556,0.00029067,p2404
1.064,1.0645,0.00029392,p2405
0.89022,0.99121,0.00024927,p2406
1.0996,0.99959,0.00029328,p2407
0.9384,1.1845,0.00012535,p2408
1.0841,0.88388,0.00020964,p2409
0.99063,0.93575,0.0002134,p2410
0.81649,0.99146,0.00020474,p2411
1.0998,1.0451,0.00016309,p2412
1.0472,0.84205,0.00029927,p2413
0.91082,0.89758,0.00019952,p2414
0.8961,1.0292,0.00027793,p2415
1.0612,1.1968,0.00021346,p2416
1.0775,1.0002,0.000145,p2417
0.87732,1.0468,0.00022841,p2418
0.93483,0.92471,0.00020801,p2419
1.0619,0.94035,0.00019903,p2420
0.90621,0.81478,0.00018357,p2421
0.95129,1.0778,8.4105e-05,p2422
0.80684,1.1303,9.2358e-05,p2423
1.0629,0.91697,0.00026874,p2424
0.85995,1.0484,0.00028927,p2425
1.08,0.86272,0.00023087,p2426
0.97807,1.0092,0.00018902,p2427
0.90445,1.0816,0.00015754,p2428
0.82736,1.0003,0.00028405,p2429
0.90574,0.86356,0.00021299,p2430
1.0074,1.1871,8.2227e-05,p2431
1.115,1.1167,0.00027563,p2432
0.904,1.0458,0.0001197,p2433
0.85169,1.0143,0.00024102,p2434
1.1186,1.0749,0.00010025,p2435
0.96128,1.0305,0.00015189,p2436
1.033,1.1539,0.0001514,p2437
0.9989,1.1036,0.00014157,p2438
1.1705,1.0623,0.00013043,p2439
0.82489,1.0544,0.00018992,p2440
0.94861,0.86013,0.00014257,p2441
1.1965,1.1223,0.00023636,p2442
0.90033,1.0162,0.00029824,p2443
1.0707,1.0418,0.00024007,p2444
1.0318,0.94596,0.00017863,p2445
1.0385,0.88456,0.00011312,p2446
0.90908,1.1605,0.00029746,p2447
1.1792,1.1235,0.00024613,p2448
0.94743,1.0444,0.00019335,p2449
0.8922,1.0536,0.00024743,p2450
0.9149,0.83643,0.00016228,p2451
1.188,1.1595,0.00021107,p2452
0.85144,0.8703,0.0001017,p2453
1.0241,0.99275,0.00023105,p2454
0.90302,0.82517,0.00021012,p2455
0.84129,0.89331,0.00011487,p2456
1.1585,0.94333,0.00014301,p2457
0.81304,1.0214,0.00019024,p2458
1.1335,1.1909,0.00015816,p2459
1.0642,1.1028,0.0001283,p2460
0.83767,1.0015,0.00012668,p2461
0.91634,1.1998,0.00015704,p2462
1.1393,0.91583,0.00017193,p2463
0.85621,1.1063,0.00025324,p2464
0.82699,1.1353,0.00021532,p2465
1.0975,0.88418,0.00016668,p2466
0.83866,0.95824,0.00021487,p2467
0.89087,0.93753,0.00013485,p2468
0.99829,1.1648,0.00010842,p2469
1.1198,1.1017,0.00022789,p2470
1.1561,1.0925,0.00020524,p2471
0.96276,1.0718,0.00025821,p2472
1.1439,0.8054,0.00012329,p2473
0.85198,1.0802,0.000244,p2474
0.91624,1.1567,0.000181,p2475
0.8737,1.1235,0.00019935,p2476
0.85837,0.82163,0.00011907,p2477
0.82202,1.1391,0.00011345,p2478
0.89734,0.8795,0.00016328,p2479
1.0818,1.0323,0.00024074,p2480
1.1591,0.83406,0.00025706,p2481
0.91052,1.1096,8.8244e-05,p2482
0.85874,0.83148,0.00010037,p2483
0.86942,0.93644,0.00013965,p2484
0.99796,1.0782,0.0001053,p2485
0.82343,0.96357,0.00022595,p2486
0.92144,1.1491,0.00020314,p2487
1.0847,0.98615,0.00027983,p2488
1.1914,0.94101,0.00011702,p2489
0.86078,0.84473,0.00015626,p2490
0.84107,0.89735,0.00015875,p2491
1.0816,1.0406,0.00019089,p2492
1.1612,0.92453,0.00019016,p2493
0.96613,1.1829,0.00013412,p2494
1.1344,1.1639,0.00011886,p2495
1.1745,1.0645,0.00026067,p2496
1.0781,0.9942,0.00023121,p2497
0.93006,1.1517,0.00018037,p2498
1.1832,0.88153,0.00025504,p2499
1.0577,0.9055,0.00015865,p2500
