wind_speed,swr,turb_param/k_min,g2/constant_value,par_id
1.0592,0.89958,1.9509e-07,3.458,p0001
1.1173,0.98764,1.6234e-12,0.68985,p0002
1.0806,0.81447,0.00010822,0.55696,p0003
1.0135,1.1482,5.441e-07,2.4308,p0004
1.1199,1.0693,4.2537e-10,0.70459,p0005
1.1479,1.1963,0.00016224,0.84949,p0006
1.158,0.86382,2.0592e-06,1.5502,p0007
1.0089,1.0793,1.7153e-08,2.549,p0008
1.0812,1.1676,2.8765e-05,2.6687,p0009
1.0166,1.1334,7.7299e-07,2.7888,p0010
1.0888,1.0947,7.2626e-13,1.7882,p0011
1.1618,1.015,3.4921e-11,1.2344,p0012
0.84811,0.86622,6.9635e-07,1.781,p0013
1.1629,1.1802,0.00014552,3.3013,p0014
1.026,1.1381,5.9654e-05,1.9155,p0015
0.81021,1.0425,2.4816e-08,3.0784,p0016
0.82156,1.1603,5.7003e-05,0.77922,p0017
1.0571,1.0036,4.0294e-09,2.2123,p0018
0.92027,1.0943,1.1315e-05,1.0438,p0019
1.0914,0.85037,0.00012968,1.9372,p0020
1.1548,0.82507,9.3799e-10,2.7505,p0021
1.1114,1.0049,1.6636e-11,2.7081,p0022
1.1708,0.91006,2.6448e-08,1.1954,p0023
1.1445,0.80144,0.0003644,1.1276,p0024
0.83107,0.92327,3.5425e-13,2.4357,p0025
0.8338,0.82695,1.7518e-09,2.0707,p0026
0.99195,1.1877,2.2703e-11,1.1834,p0027
0.98569,1.0627,0.00013578,1.0994,p0028
0.94133,1.1753,1.1744e-11,1.8667,p0029
1.176,1.0524,1.656e-08,0.84796,p0030
1.1424,1.1372,2.4921e-10,1.5696,p0031
0.88431,1.1756,7.2828e-08,2.9705,p0032
0.9385,0.9756,2.7081e-10,2.1389,p0033
0.85065,0.97449,1.3679e-11,0.66261,p0034
1.1303,0.86269,1.0567e-05,3.2555,p0035
0.90264,0.92168,1.3296e-13,3.1257,p0036
1.1112,1.0951,1.8268e-12,0.8786,p0037
0.84918,1.0994,6.8898e-10,1.2255,p0038
0.89599,1.1504,9.6169e-05,0.84269,p0039
1.175,0.90604,4.9352e-08,2.4018,p0040
0.94234,1.1587,1.6643e-14,3.387,p0041
0.90048,0.82966,2.1345e-13,1.8706,p0042
1.1854,0.97777,9.076e-06,1.7103,p0043
1.0797,1.1134,4.7488e-10,3.2803,p0044
0.86125,0.93345,1.1294e-14,3.0732,p0045
1.0583,1.0343,0.00044147,2.393,p0046
1.0575,0.99101,6.7796e-06,2.2219,p0047
0.9412,0.82228,8.3683e-07,3.1807,p0048
1.0909,1.1261,4.199e-14,1.4874,p0049
1.2,0.84124,1.0544e-09,0.75243,p0050
1.0997,1.057,1.7894e-05,1.086,p0051
0.93421,1.0253,3.5869e-08,0.60898,p0052
1.0338,1.0304,1.4101e-11,1.2226,p0053
0.9667,1.0897,1.5182e-11,3.1762,p0054
0.80168,0.99254,5.1743e-07,3.2038,p0055
0.92212,1.1884,6.5056e-13,2.8682,p0056
0.84403,1.0979,1.9254e-13,2.3378,p0057
1.1345,0.98691,1.9164e-07,2.6199,p0058
1.086,0.90958,1.3797e-14,2.3322,p0059
0.94692,1.0611,6.3595e-10,2.8254,p0060
0.85214,1.0085,1.8015e-11,3.1914,p0061
1.1387,0.89026,3.2275e-11,1.6865,p0062
0.80357,1.1733,4.8018e-06,2.6701,p0063
1.0825,0.84314,8.5908e-09,0.93935,p0064
1.1666,1.1915,1.2397e-14,3.291,p0065
0.9556,1.1266,3.0751e-07,1.6617,p0066
0.9913,1.1465,1.5351e-10,2.1436,p0067
0.81823,1.0227,2.5139e-11,0.51772,p0068
1.1681,1.1074,3.7323e-06,2.7387,p0069
0.83559,1.1729,3.531e-08,1.5735,p0070
1.0158,1.051,0.00012126,2.3019,p0071
1.0659,0.99365,0.00018645,1.4778,p0072
0.8533,1.047,1.1319e-11,2.9906,p0073
1.1471,1.0541,0.00049236,2.3429,p0074
1.1485,1.0305,1.8463e-07,3.3641,p0075
1.1572,1.0672,2.1551e-13,1.2788,p0076
0.84251,1.1916,1.8804e-14,0.74852,p0077
0.82893,0.99456,9.7703e-10,0.62457,p0078
1.1709,1.1656,1.7253e-13,3.3072,p0079
1.1381,1.196,2.4182e-11,1.9293,p0080
0.82831,0.86661,1.4827e-09,1.6642,p0081
0.81244,1.0895,1.9952e-10,3.1197,p0082
0.97426,0.94626,1.864e-12,0.78591,p0083
0.96431,1.1742,4.0708e-05,1.9215,p0084
1.0383,0.80447,2.1516e-14,1.1427,p0085
0.92684,0.93571,2.4299e-08,1.6499,p0086
1.1702,0.88403,8.4542e-10,2.4001,p0087
0.97749,0.9924,1.2687e-14,2.1893,p0088
1.0654,1.0721,3.4771e-08,2.666,p0089
1.0283,1.017,2.8019e-13,2.8412,p0090
0.96779,1.1577,9.7022e-05,3.3932,p0091
0.80999,0.98301,3.9507e-07,0.62696,p0092
1.1362,0.83781,7.6929e-11,2.9666,p0093
1.0653,1.1825,5.059e-10,3.4026,p0094
1.0966,1.0342,7.382e-08,1.3725,p0095
1.1015,0.82088,6.5705e-13,3.4656,p0096
0.82276,0.89192,7.3612e-15,2.4353,p0097
0.82114,1.1607,7.6106e-05,2.7807,p0098
0.8267,0.86256,3.4882e-12,1.0309,p0099
0.97121,0.88816,3.5131e-10,1.2598,p0100
0.86388,1.1459,4.8845e-08,1.4577,p0101
0.95375,1.1101,2.4989e-07,1.4024,p0102
0.93954,1.1864,4.0732e-06,2.7839,p0103
1.1132,1.0956,1.1279e-10,2.3638,p0104
1.0195,0.99892,4.8462e-09,3.3973,p0105
0.87515,0.80022,2.7719e-12,2.9477,p0106
1.0364,1.0885,1.171e-05,1.1763,p0107
1.0855,1.1505,0.00046301,0.73297,p0108
1.1166,1.1826,1.418e-07,2.1004,p0109
0.92559,0.95396,2.9753e-14,3.0205,p0110
0.93768,0.87545,8.5529e-10,3.1098,p0111
0.92087,1.0716,5.7071e-15,2.087,p0112
0.99545,0.91458,9.6769e-10,2.9599,p0113
1.0817,1.1187,3.8947e-11,2.0757,p0114
0.9075,1.0676,6.3993e-07,1.9183,p0115
1.0608,0.91089,7.1008e-05,0.61452,p0116
0.95947,1.1651,7.1141e-15,2.6477,p0117
0.81415,0.84607,6.1056e-08,2.233,p0118
1.1012,0.99526,6.7201e-10,2.3261,p0119
1.1051,0.92247,1.9363e-06,3.2084,p0120
0.84723,1.0056,2.6437e-07,2.6458,p0121
1.1398,0.80818,3.5056e-09,1.6215,p0122
0.86271,1.0121,1.1223e-10,1.7182,p0123
1.1897,1.0653,0.00011573,1.2918,p0124
0.90222,0.83527,6.9475e-13,2.2432,p0125
1.1654,1.1405,6.4379e-15,0.70533,p0126
1.1706,0.83152,9.0083e-09,2.6913,p0127
0.97695,1.1084,9.4508e-12,2.675,p0128
1.1773,1.1942,5.7871e-15,0.92628,p0129
0.82762,0.89619,1.9769e-07,2.8444,p0130
0.97961,1.1635,9.5017e-10,0.65807,p0131
0.92246,0.99999,0.00040308,2.559,p0132
0.80798,0.87221,1.9106e-05,1.5311,p0133
1.0755,0.90864,1.1999e-12,3.243,p0134
0.96842,1.1589,8.4638e-06,1.2175,p0135
1.1832,0.90964,7.7755e-12,3.4099,p0136
1.1418,1.0786,5.0231e-06,2.6542,p0137
0.95589,1.1836,5.526e-08,2.4962,p0138
1.1299,1.1135,0.00011059,0.72317,p0139
1.0942,0.86987,3.4921e-10,1.6223,p0140
1.1796,1.0702,9.9585e-09,2.7416,p0141
0.91784,1.0398,9.0367e-14,2.3348,p0142
0.94737,1.0771,0.00022735,2.7533,p0143
1.0308,0.90161,4.2143e-07,2.4215,p0144
0.92639,0.87485,6.5244e-15,2.6711,p0145
0.84377,1.0855,6.5299e-10,3.282,p0146
0.89762,1.0334,3.0711e-08,1.106,p0147
1.0057,1.1064,1.353e-11,1.5364,p0148
0.8361,0.92786,2.2601e-08,1.1114,p0149
1.0612,0.98401,1.493e-09,1.7538,p0150
1.0378,0.93371,1.8354e-06,2.6128,p0151
0.95811,0.96509,2.7623e-09,1.8591,p0152
1.1437,0.94833,6.9067e-09,1.4345,p0153
1.1701,0.85976,3.2374e-11,1.1436,p0154
1.0078,1.1212,1.1124e-11,1.858,p0155
0.88343,1.1551,8.1292e-14,1.3023,p0156
1.0869,0.90226,2.6542e-09,0.94378,p0157
0.82617,0.92121,1.7123e-09,1.7967,p0158
0.80188,1.1164,5.1178e-14,1.94,p0159
1.0717,0.89553,1.0696e-06,2.1927,p0160
1.1521,1.1739,8.0054e-08,1.6038,p0161
1.0936,1.1393,5.8303e-11,3.2271,p0162
0.9972,0.98714,1.0474e-12,0.63553,p0163
1.1538,0.94916,4.2383e-05,2.2441,p0164
0.97627,0.93183,2.9379e-05,0.91671,p0165
1.1313,0.81438,1.0231e-12,0.71228,p0166
0.84194,1.1626,1.2227e-05,1.2698,p0167
0.91775,1.0713,1.2008e-10,2.4242,p0168
0.88482,0.97891,6.2145e-09,3.496,p0169
1.0177,0.99341,8.6919e-09,3.3572,p0170
0.98655,1.1255,1.4664e-08,1.7119,p0171
0.93807,1.1399,6.9673e-14,1.1012,p0172
1.0326,1.1759,3.7596e-13,3.1053,p0173
1.1086,0.8333,6.3127e-07,3.0874,p0174
0.90921,0.94536,4.4946e-06,0.6497,p0175
1.0819,0.92467,6.8642e-12,1.8138,p0176
0.90531,0.81742,1.2612e-08,0.53459,p0177
1.1245,0.99202,3.0428e-12,0.69214,p0178
1.1873,1.1918,3.5494e-11,0.85792,p0179
1.0052,1.1491,1.2921e-13,1.5381,p0180
0.94684,0.8938,0.00025393,2.9858,p0181
1.102,1.0932,2.1809e-13,2.1202,p0182
1.0148,0.82746,3.6203e-08,2.0563,p0183
1.0968,1.0756,5.6402e-10,3.4711,p0184
0.8727,1.0087,5.0386e-07,2.2082,p0185
1.0251,0.88133,1.8579e-11,1.5924,p0186
1.1862,1.0331,1.3015e-06,0.59947,p0187
1.0842,0.86556,2.1341e-11,0.55886,p0188
1.005,0.9173,1.0332e-14,0.91266,p0189
1.0622,1.0276,7.5965e-15,2.1719,p0190
0.86135,0.82471,3.3862e-12,1.8976,p0191
1.0276,0.90081,2.1369e-05,2.5895,p0192
1.0938,0.97809,6.1517e-08,1.4367,p0193
0.8517,1.0668,2.3187e-07,0.90386,p0194
1.0438,0.92136,0.00015322,2.2834,p0195
0.83545,0.83762,1.6287e-08,3.1536,p0196
0.89336,1.1667,0.00024635,1.1245,p0197
1.0981,0.9742,5.6062e-12,1.8372,p0198
0.94799,1.1402,7.1108e-07,2.7655,p0199
0.88883,1.0056,7.6671e-06,2.5078,p0200
1.0962,1.053,2.0913e-07,1.0457,p0201
1.0775,1.0026,5.9588e-14,2.4458,p0202
1.0466,0.93799,8.5363e-07,2.5846,p0203
0.80748,1.125,9.767e-11,2.8727,p0204
0.93183,1.0659,3.2471e-07,1.8235,p0205
1.1612,0.96758,1.0034e-13,1.8769,p0206
1.1327,1.0631,5.397e-11,0.85928,p0207
1.0787,0.99519,1.3474e-14,1.0203,p0208
1.02,1.13,3.4872e-06,3.0564,p0209
0.92976,0.87144,7.6371e-10,2.3989,p0210
1.0725,1.0411,1.3139e-05,1.6294,p0211
0.94661,0.92837,5.6896e-10,1.5265,p0212
1.0267,0.87003,1.4481e-07,3.1107,p0213
0.81027,1.1893,6.9624e-08,2.3291,p0214
0.88404,0.86025,5.2917e-09,3.3294,p0215
1.1541,0.89059,3.2985e-07,2.2699,p0216
0.88468,1.1573,3.3513e-08,0.64517,p0217
0.93095,0.87282,1.076e-12,2.3446,p0218
0.81456,1.0361,5.0512e-07,1.5892,p0219
0.98396,0.80233,5.937e-10,0.62598,p0220
0.86992,0.81894,1.7559e-07,3.3653,p0221
0.81735,0.86888,6.2785e-15,3.029,p0222
1.1954,0.93406,5.7907e-11,1.5797,p0223
1.1075,0.85542,5.8848e-15,2.1631,p0224
0.85323,0.87554,2.3385e-05,0.79599,p0225
1.1054,1.1025,1.6463e-11,0.78448,p0226
0.83831,0.8972,4.898e-13,3.2326,p0227
0.8789,1.0856,1.117e-12,1.9033,p0228
1.161,0.99654,0.00010917,3.1734,p0229
1.1194,1.0734,5.0612e-05,0.56354,p0230
1.0093,1.0937,5.4224e-09,3.0941,p0231
0.9517,0.99836,4.9582e-10,2.1801,p0232
1.0143,1.1003,2.9718e-10,1.6766,p0233
1.0041,1.0175,1.3355e-05,2.325,p0234
0.98623,0.88183,3.0153e-12,2.6047,p0235
1.1272,0.91167,1.6743e-12,0.79173,p0236
0.97737,1.0799,2.5785e-13,0.70938,p0237
1.047,1.0593,1.3166e-12,1.6332,p0238
1.1061,1.0803,3.6021e-07,1.7391,p0239
0.85985,1.1205,5.5062e-14,2.7899,p0240
1.0463,0.91258,9.4835e-15,3.3715,p0241
1.0255,1.1395,5.1866e-14,2.7104,p0242
0.9979,0.94169,2.5252e-14,1.2989,p0243
1.0167,1.1812,6.8612e-11,1.4846,p0244
0.81183,1.1373,3.105e-05,3.4758,p0245
0.83733,0.91619,8.1429e-08,0.70807,p0246
0.90092,1.0901,9.1729e-05,3.4301,p0247
1.0932,1.1298,4.6477e-08,1.2,p0248
0.89468,0.84573,6.4756e-12,2.553,p0249
0.85348,1.0272,2.4784e-13,2.9294,p0250
0.95683,0.9818,1.9465e-05,0.63691,p0251
1.0197,0.89436,8.6353e-14,0.98638,p0252
1.1753,1.128,6.9892e-06,0.56182,p0253
0.89744,0.85941,1.2937e-11,2.7464,p0254
0.84028,0.82837,0.00048828,2.1355,p0255
0.89139,0.95763,2.361e-09,2.6899,p0256
0.97665,1.0775,1.0421e-13,1.7868,p0257
0.80378,0.88764,2.572e-12,3.4615,p0258
1.1807,1.0535,5.224e-11,3.4988,p0259
1.1902,0.95954,1.0248e-10,1.9662,p0260
1.0205,0.99541,2.7731e-06,1.0512,p0261
0.92405,0.90725,1.7348e-11,1.7927,p0262
0.98147,0.81688,2.3446e-14,2.9111,p0263
0.89219,1.0234,7.8869e-07,3.3901,p0264
1.0034,1.123,1.9354e-12,2.594,p0265
1.1178,0.89669,1.569e-05,1.0912,p0266
0.85105,1.0262,0.00019803,0.95837,p0267
0.93752,0.87641,4.1386e-06,0.84052,p0268
1.1781,0.88315,2.1435e-12,3.3216,p0269
1.1318,0.81632,2.0215e-10,3.4781,p0270
0.87675,1.1704,5.7471e-14,1.9427,p0271
0.98973,0.96836,5.061e-14,2.968,p0272
1.1011,1.1647,1.8773e-11,1.7986,p0273
1.1507,0.92055,2.082e-07,2.412,p0274
0.82042,0.82943,5.0929e-13,3.2618,p0275
0.98825,1.021,6.9865e-10,2.1045,p0276
0.88587,1.048,2.9763e-08,1.3686,p0277
1.1949,1.0526,8.8446e-13,0.52259,p0278
0.98494,0.84245,0.00021359,1.0651,p0279
1.1102,1.067,1.4021e-08,2.5372,p0280
0.95299,1.1064,0.0002159,2.3469,p0281
0.84765,1.0639,2.3559e-08,0.73075,p0282
0.8387,1.0891,1.4395e-14,1.6855,p0283
1.0657,0.83833,1.2651e-07,0.73267,p0284
0.96755,0.90658,8.2217e-09,2.027,p0285
1.0182,1.0405,8.9627e-12,1.2247,p0286
0.84472,1.1781,2.5053e-08,0.73951,p0287
1.0598,0.92709,4.3139e-12,2.43,p0288
1.1481,1.1888,7.4326e-11,2.981,p0289
0.96099,1.1114,1.938e-10,0.82431,p0290
0.90357,0.96601,1.3347e-14,1.0104,p0291
0.9836,1.0578,1.7678e-13,3.4147,p0292
0.93012,0.9159,2.7099e-06,1.998,p0293
1.1674,0.93894,4.9301e-11,2.0926,p0294
0.88327,0.84532,1.3839e-05,0.51275,p0295
1.0503,1.1636,2.0744e-06,2.6842,p0296
1.0986,1.15,9.9418e-11,2.4256,p0297
1.1625,0.91474,8.2754e-09,0.5717,p0298
0.8112,0.98127,4.2642e-05,3.1894,p0299
0.96681,0.88943,1.4978e-14,0.57003,p0300
0.86817,1.0818,2.3288e-09,0.87457,p0301
0.98418,0.98948,1.1032e-07,1.2216,p0302
1.067,0.80555,5.4539e-05,3.4718,p0303
1.1229,0.96551,9.516e-09,2.2934,p0304
1.081,1.0094,1.6613e-05,3.1845,p0305
1.1935,0.99819,1.9701e-13,1.5498,p0306
1.0878,0.84136,5.0039e-12,1.9137,p0307
0.8674,0.80182,7.179e-15,2.4446,p0308
0.85194,0.98437,1.2108e-08,0.83804,p0309
1.1393,1.0412,3.6289e-11,2.617,p0310
1.0567,0.82169,1.6014e-14,1.6045,p0311
1.1545,0.9089,1.4334e-10,2.2844,p0312
1.1033,1.1969,1.1539e-11,2.0841,p0313
1.0162,0.85022,8.4421e-13,2.4109,p0314
1.0767,1.1228,9.7106e-12,2.2014,p0315
0.95115,0.82986,8.2348e-15,0.91813,p0316
1.1522,0.97385,5.1401e-15,1.7004,p0317
1.027,1.1268,4.357e-12,2.5969,p0318
1.0352,1.1308,9.169e-09,3.011,p0319
1.0586,0.93306,1.5745e-13,0.61192,p0320
0.87156,0.85885,2.7048e-09,2.6625,p0321
0.87138,0.94886,2.1081e-14,1.5171,p0322
1.0929,0.82398,3.8712e-12,3.2596,p0323
0.8994,1.1257,2.9034e-06,1.5158,p0324
0.87659,0.98147,1.6956e-09,3.0297,p0325
0.93452,0.95706,1.0078e-14,1.4115,p0326
0.93533,1.1707,2.605e-08,2.1195,p0327
0.82935,1.1495,3.7115e-12,1.4137,p0328
0.83973,0.92978,8.2958e-05,1.4387,p0329
0.80105,1.0968,1.0383e-11,0.72855,p0330
0.88172,0.90187,1.026e-09,2.8111,p0331
1.138,0.88119,1.343e-08,2.5579,p0332
1.0836,1.0242,7.549e-08,0.54371,p0333
0.93462,1.1411,4.6442e-07,0.7299,p0334
0.84817,0.97615,1.4862e-11,2.0976,p0335
1.0424,1.1227,1.3536e-07,3.3258,p0336
1.0385,0.93623,1.9066e-10,0.68856,p0337
1.0212,1.1112,6.2798e-12,1.4715,p0338
1.1085,0.94586,5.4187e-08,2.3266,p0339
1.0374,1.1523,0.00011226,3.0359,p0340
0.98543,1.1557,1.8779e-06,1.1909,p0341
1.1497,0.92954,7.49e-06,2.8332,p0342
1.1609,1.1391,7.6237e-07,2.3781,p0343
0.93062,0.88434,4.4749e-13,2.9548,p0344
1.1129,1.1325,4.7208e-14,0.52653,p0345
1.073,1.1507,1.613e-07,1.8845,p0346
0.95909,0.8062,0.00023825,0.90911,p0347
0.88968,0.90652,8.3773e-11,1.1485,p0348
1.0706,0.92662,6.0166e-07,1.3406,p0349
1.1254,0.92285,8.7089e-08,2.3694,p0350
1.0651,1.17,2.815e-14,2.2313,p0351
0.87029,1.0292,7.0282e-09,1.3572,p0352
0.85126,1.0325,3.0393e-13,1.841,p0353
0.80817,1.0717,1.3734e-08,1.7378,p0354
0.91408,0.80892,3.3702e-05,1.2147,p0355
1.1149,1.1669,3.6296e-10,1.8085,p0356
0.81064,0.89,1.3182e-07,1.6811,p0357
1.0912,1.019,5.0591e-11,2.9746,p0358
0.84334,1.1428,2.0378e-13,0.73421,p0359
0.91546,0.80957,0.00045665,2.9414,p0360
0.87636,1.062,1.4992e-13,3.145,p0361
1.0746,0.94185,4.033e-06,3.2309,p0362
1.0362,0.85102,6.558e-08,2.7786,p0363
1.0911,0.96526,0.00041611,2.2251,p0364
0.83718,0.85284,0.00027613,2.6991,p0365
0.96867,1.1642,9.2296e-13,2.16,p0366
1.137,1.0608,4.2217e-08,3.2276,p0367
0.9404,0.83274,9.0672e-10,0.85422,p0368
1.184,1.1633,3.8141e-05,0.5454,p0369
1.1867,0.94045,1.0115e-08,1.2753,p0370
0.85792,1.1396,1.4517e-09,1.0066,p0371
1.1282,0.80798,0.00031643,0.73567,p0372
0.86872,0.86572,4.1033e-09,2.9483,p0373
0.97191,0.88855,7.1173e-12,3.4356,p0374
0.93837,0.92858,1.6385e-09,2.907,p0375
1.1252,0.81709,3.2592e-13,0.79147,p0376
1.1597,1.0225,2.0402e-12,0.59167,p0377
0.92328,0.89578,2.5825e-14,1.6632,p0378
0.88957,1.1462,6.1285e-15,1.2561,p0379
1.1196,1.0692,2.9868e-06,3.2916,p0380
0.99533,0.84026,2.2179e-08,1.2297,p0381
1.054,1.1905,7.8623e-13,1.2312,p0382
0.99075,1.0092,3.8761e-09,3.3108,p0383
1.1127,1.1146,6.4675e-06,1.8262,p0384
1.1555,0.84215,9.0371e-05,3.4801,p0385
0.91967,0.86706,5.3475e-05,1.5213,p0386
0.95009,0.80641,9.1784e-12,0.86661,p0387
1.0533,1.0363,5.3441e-10,2.1995,p0388
0.8414,0.92541,1.3251e-06,1.5638,p0389
0.93601,1.1459,4.3963e-13,0.77001,p0390
0.94728,1.0863,1.6943e-13,2.9919,p0391
0.92527,1.132,5.118e-11,1.8479,p0392
1.1885,1.0369,4.7511e-07,1.7417,p0393
0.99834,0.96691,3.273e-14,2.0183,p0394
0.90427,0.89908,1.0508e-13,3.0122,p0395
0.88775,1.0925,2.616e-09,3.1624,p0396
0.88569,1.0284,4.5878e-05,2.6097,p0397
1.0043,1.1408,1.7819e-11,3.1254,p0398
0.84673,0.92221,2.1988e-09,0.68202,p0399
0.94017,0.85434,4.2592e-07,1.9546,p0400
1.0114,1.0503,5.1296e-10,2.9709,p0401
0.91305,1.1582,2.8393e-10,2.1242,p0402
1.1592,1.0648,1.9857e-11,1.3784,p0403
1.0102,0.95887,2.8273e-05,1.1044,p0404
1.1631,0.94271,1.0933e-12,3.1423,p0405
0.87731,1.1758,2.5526e-05,2.2924,p0406
1.1139,0.83666,0.00011773,3.1131,p0407
0.8245,1.0552,2.7499e-09,1.9491,p0408
0.933,1.0097,1.1285e-13,2.1446,p0409
1.0815,1.0312,5.8087e-09,2.9041,p0410
1.1227,0.94973,1.135e-07,2.1519,p0411
1.075,0.85569,1.666e-13,1.7276,p0412
0.9127,0.90834,1.53e-14,2.4392,p0413
1.1021,0.96925,1.0855e-13,1.4832,p0414
1.1159,0.81235,2.0919e-10,0.98741,p0415
1.058,1.1085,7.7778e-14,0.51874,p0416
0.92608,1.0345,1.734e-08,1.0466,p0417
0.94146,1.0395,7.0463e-08,2.7667,p0418
1.0084,0.80175,0.00013263,2.7867,p0419
0.91916,0.81383,2.0175e-06,2.4792,p0420
1.0538,0.9421,4.6449e-13,1.7715,p0421
1.0685,1.0495,9.8551e-15,1.9581,p0422
1.1776,0.88322,3.0963e-12,0.91451,p0423
0.99067,1.1859,5.4327e-13,2.4261,p0424
0.89246,0.84878,2.2764e-12,2.4534,p0425
0.90639,0.89443,2.4657e-11,3.4048,p0426
0.88375,0.94712,4.0866e-12,2.413,p0427
1.1899,1.1247,5.8167e-10,2.4277,p0428
1.1739,0.86692,5.8983e-13,2.0408,p0429
0.82748,0.85707,3.3126e-05,3.482,p0430
0.96539,0.97867,0.00024181,0.54175,p0431
0.95986,0.84839,1.5323e-08,0.85746,p0432
0.80297,0.85603,4.9404e-09,0.77228,p0433
0.82351,0.88161,9.1036e-09,1.4276,p0434
0.8903,0.93387,4.6384e-10,1.1078,p0435
0.95639,0.97936,2.2175e-07,1.6075,p0436
0.80248,1.078,9.7508e-08,1.2112,p0437
1.1031,0.93328,2.1485e-07,1.9523,p0438
1.1488,1.0977,2.1194e-12,2.5627,p0439
0.97944,1.16,5.176e-11,2.7341,p0440
0.9813,0.83371,1.451e-07,2.3487,p0441
1.1852,1.1539,2.7259e-12,1.2554,p0442
0.99873,0.83554,4.4375e-12,2.6593,p0443
0.88068,0.89938,2.1267e-11,0.84345,p0444
0.96615,0.95097,1.3439e-11,1.4827,p0445
0.94567,1.1755,1.0594e-07,2.6858,p0446
0.8686,0.80498,1.2649e-05,1.4685,p0447
0.96932,1.086,7.1085e-08,0.964,p0448
1.0273,0.97748,9.8884e-10,1.1733,p0449
1.143,1.1808,4.0486e-05,2.8545,p0450
1.0184,1.0882,0.00044898,2.0956,p0451
0.96919,1.1039,3.3295e-14,3.1502,p0452
0.87228,0.99409,1.4931e-05,1.1876,p0453
1.1736,1.0851,9.4946e-06,2.3193,p0454
1.1718,0.94007,3.1141e-14,1.168,p0455
0.85056,1.1793,6.1029e-14,3.4308,p0456
0.82427,1.1972,1.7851e-14,2.7831,p0457
1.0748,1.0218,2.0265e-10,2.9743,p0458
1.1464,0.98333,9.5625e-12,3.1632,p0459
0.83048,1.1747,9.7447e-14,2.4638,p0460
0.86206,0.83434,1.2077e-07,2.3744,p0461
0.96971,0.87357,2.2902e-05,3.1078,p0462
0.91577,1.0476,2.9253e-12,1.1585,p0463
1.035,0.91355,4.5302e-08,0.54631,p0464
1.076,1.028,3.774e-11,1.5298,p0465
1.0185,1.0142,1.2466e-10,2.4569,p0466
0.98061,0.96392,1.793e-10,1.5423,p0467
1.173,0.9822,6.4357e-07,1.5335,p0468
0.97639,0.86081,1.4662e-07,2.0255,p0469
1.036,1.1481,1.2795e-08,1.042,p0470
0.86803,1.1171,5.6891e-09,0.8957,p0471
0.98222,0.85385,1.7804e-12,1.9568,p0472
1.1527,1.0766,3.7882e-13,1.3303,p0473
0.91254,0.81054,6.0957e-12,3.4331,p0474
1.1915,0.82248,8.0964e-13,2.1769,p0475
0.96357,0.99716,8.7778e-11,1.7435,p0476
1.0752,1.0267,5.0172e-11,3.3183,p0477
0.90775,1.0007,2.8048e-12,3.3299,p0478
1.1239,0.93668,6.7508e-12,3.1355,p0479
0.94087,0.93761,4.4437e-13,2.7183,p0480
0.93212,1.1546,0.00039831,2.3897,p0481
0.83177,0.87249,3.9484e-06,2.1294,p0482
0.87457,0.99636,2.2506e-05,2.896,p0483
0.97761,1.0179,4.5576e-11,3.4242,p0484
1.0956,1.0214,5.2513e-13,1.4204,p0485
0.90903,0.91979,0.00010305,2.0451,p0486
0.88991,1.1023,1.1992e-09,2.8452,p0487
1.0581,1.1819,7.1278e-09,1.6603,p0488
1.0542,1.1404,1.0836e-10,0.74239,p0489
1.1658,1.0715,7.908e-11,2.0294,p0490
0.84257,1.1773,5.9435e-15,0.52493,p0491
1.1302,0.96122,3.4228e-07,3.1582,p0492
0.99803,0.88052,8.2284e-10,2.34,p0493
1.0447,0.83289,3.7998e-09,3.1405,p0494
0.86642,1.1351,5.3932e-12,0.77606,p0495
0.82674,1.1889,2.322e-09,2.1638,p0496
0.93983,1.1926,6.2866e-11,1.4485,p0497
1.0727,0.92869,4.2914e-14,3.4622,p0498
1.1336,0.98065,5.0995e-09,3.3068,p0499
1.0256,1.059,6.0507e-09,2.4373,p0500
1.1101,0.91655,9.2571e-06,2.5773,p0501
1.0061,1.0998,3.3381e-09,2.101,p0502
0.85167,1.0891,1.2974e-13,2.4771,p0503
1.034,0.91317,4.5752e-05,1.3563,p0504
1.1943,0.90272,6.1202e-07,2.6758,p0505
0.80043,0.84972,3.5269e-11,3.1191,p0506
1.0091,1.1423,1.4698e-10,1.1899,p0507
1.0698,1.1331,0.00048061,0.6604,p0508
1.1628,1.1806,3.7774e-06,0.82179,p0509
0.95279,1.054,1.8163e-06,3.0427,p0510
0.8556,0.90431,1.1662e-07,1.3923,p0511
1.1036,1.1419,2.7964e-08,1.5818,p0512
0.86354,1.1253,5.5854e-11,3.2403,p0513
1.1256,0.87034,3.5797e-13,2.5389,p0514
1.0696,0.81936,1.7926e-13,2.9439,p0515
1.0304,1.0312,3.5845e-06,2.9799,p0516
0.89346,0.89019,2.9746e-09,0.94441,p0517
0.8964,0.81283,5.4696e-13,3.4158,p0518
1.1289,1.1259,1.0109e-11,1.6109,p0519
1.0874,1.0851,4.4274e-11,2.1396,p0520
0.85021,1.152,9.5401e-14,1.5277,p0521
0.84931,1.0379,1.4286e-12,1.0231,p0522
1.1184,1.1284,0.0001189,3.2757,p0523
1.1251,1.0989,2.1105e-08,1.5727,p0524
0.83854,1.1101,2.754e-11,2.0209,p0525
1.1378,0.82178,2.042e-13,0.76679,p0526
0.83016,0.866,7.2777e-11,3.211,p0527
1.0229,1.0388,5.0229e-14,3.4371,p0528
1.1125,0.91695,3.9996e-10,0.79709,p0529
1.1477,1.0387,4.1105e-08,2.4288,p0530
1.0906,0.98823,8.6265e-06,3.4675,p0531
1.0351,1.16,2.4221e-06,0.62204,p0532
0.86575,1.0471,3.4252e-08,3.1741,p0533
1.1259,0.95259,6.9727e-15,3.4565,p0534
1.0301,0.94869,1.9081e-13,1.3906,p0535
0.84007,1.1235,9.9239e-05,1.994,p0536
0.95388,1.1312,8.3824e-09,2.7479,p0537
0.8307,1.1722,9.9264e-07,3.0765,p0538
1.1063,1.1866,2.6412e-13,2.5417,p0539
0.8992,1.0328,1.1414e-08,2.8315,p0540
0.90662,1.1795,4.8091e-10,0.96549,p0541
1.066,1.0838,6.1582e-12,1.8461,p0542
0.86282,1.0279,1.4998e-10,1.2671,p0543
1.0573,0.85734,1.397e-12,1.521,p0544
0.97415,1.1354,7.9252e-09,1.7214,p0545
0.90684,1.0428,7.2086e-06,3.4204,p0546
1.1207,1.0574,4.4287e-09,3.2546,p0547
0.92576,1.1318,1.761e-11,0.54804,p0548
0.97539,1.0921,3.2294e-13,2.5876,p0549
1.0517,1.0109,2.7876e-14,2.6448,p0550
1.0311,1.0948,1.4672e-09,2.9023,p0551
0.99241,0.8168,5.0236e-13,1.3484,p0552
1.1038,0.96138,2.0238e-09,0.54001,p0553
1.0786,0.88026,2.1712e-07,3.2526,p0554
1.1802,1.05,1.9779e-10,2.3716,p0555
0.93133,1.0765,8.1813e-10,1.1261,p0556
1.18,0.85467,2.5379e-11,2.7918,p0557
1.1269,0.87796,2.7615e-08,2.1214,p0558
1.1931,0.95344,4.5414e-14,1.7848,p0559
1.1857,1.0136,2.8841e-09,0.97001,p0560
1.1893,1.0633,1.3564e-05,2.7255,p0561
0.95025,1.1501,4.6942e-13,2.5011,p0562
1.0952,0.84381,5.8153e-13,1.278,p0563
0.86903,1.0472,5.4645e-06,2.1957,p0564
1.0715,0.93,5.8722e-09,1.6803,p0565
0.83804,0.80336,4.5621e-13,2.328,p0566
0.90018,1.1536,8.8996e-10,1.3476,p0567
0.97442,1.096,4.6841e-14,3.3394,p0568
0.88239,0.91209,1.3634e-08,3.0668,p0569
1.05,1.0295,3.6555e-05,2.5095,p0570
0.946,1.1909,1.5755e-07,0.78239,p0571
1.1216,1.1949,5.5171e-15,2.0639,p0572
0.8917,1.1207,5.9711e-12,1.1393,p0573
1.0395,0.99768,3.9682e-11,2.0635,p0574
1.1858,0.81057,2.5275e-05,1.5377,p0575
0.99259,0.95725,3.9067e-08,1.004,p0576
1.0799,1.105,7.3903e-06,2.4475,p0577
0.88714,1.1343,3.9628e-13,1.3075,p0578
1.1277,1,8.5816e-12,2.6049,p0579
0.97243,1.1048,7.3666e-12,1.346,p0580
1.1745,0.96705,1.097e-07,0.52148,p0581
1.0455,1.0315,5.9223e-09,1.9766,p0582
0.88761,1.171,3.0006e-13,1.1409,p0583
1.0376,0.9078,9.2638e-14,2.142,p0584
0.92191,0.89337,1.138e-13,2.7546,p0585
0.83575,1.1573,8.45e-12,0.63295,p0586
1.1818,1.0543,9.7539e-06,0.60658,p0587
0.93784,1.1162,1.1903e-11,0.50227,p0588
1.0021,1.005,6.3081e-13,1.829,p0589
0.81138,1.1796,8.2582e-11,2.0798,p0590
0.96638,0.95566,4.3363e-09,0.8414,p0591
0.85428,0.98238,9.0454e-10,3.0282,p0592
1.1986,0.96372,1.0035e-12,1.9854,p0593
1.165,0.88281,3.4477e-06,3.0505,p0594
1.1529,1.0742,3.0212e-07,2.8375,p0595
0.92645,0.97986,1.6368e-06,1.4751,p0596
1.0522,0.91779,3.9615e-14,3.0355,p0597
1.1815,1.0768,2.2827e-09,1.7556,p0598
0.9188,1.0435,1.95e-11,0.94954,p0599
1.0342,1.1903,1.8631e-08,0.9505,p0600
0.85141,1.0634,0.00021015,1.7799,p0601
0.8445,0.95946,1.0626e-12,3.3319,p0602
0.82691,0.83519,5.3564e-10,1.1709,p0603
0.92577,1.1301,2.6621e-13,0.71409,p0604
0.84211,0.92294,0.00034413,3.1609,p0605
0.91183,1.1479,6.0537e-15,1.3321,p0606
1.0655,1.0045,5.8385e-07,2.5556,p0607
1.0962,0.99759,1.3141e-10,1.3176,p0608
0.85525,1.1543,6.4507e-12,3.2384,p0609
0.90523,1.1705,1.9256e-12,1.7158,p0610
0.84784,1.1117,2.9277e-13,0.88685,p0611
0.9283,1.0194,1.7041e-05,1.7765,p0612
1.172,0.88005,5.1281e-06,1.0507,p0613
0.82555,0.83756,8.3849e-05,1.5048,p0614
0.82404,1.0922,8.7464e-05,1.6572,p0615
1.0991,0.90386,2.8661e-11,1.253,p0616
0.84949,0.86226,4.3703e-09,3.4922,p0617
0.90512,1.0468,8.869e-06,1.2937,p0618
0.81366,1.02,1.4292e-06,0.71261,p0619
0.84226,1.0858,5.5264e-11,3.0925,p0620
1.0894,1.0778,0.00029438,0.57423,p0621
0.90765,1.1057,0.00012259,0.81341,p0622
0.88141,0.86632,2.4941e-05,1.7722,p0623
0.87262,0.81152,2.9448e-07,0.60442,p0624
1.114,1.1923,4.231e-12,1.4782,p0625
0.90972,1.0454,4.1816e-07,2.9148,p0626
0.81395,0.90742,3.8732e-11,1.6269,p0627
1.0081,0.81272,1.1716e-13,3.4342,p0628
1.0507,1.1582,1.0718e-08,0.96221,p0629
1.1151,0.95547,1.6593e-12,2.5843,p0630
0.83466,0.8316,4.8191e-12,2.7756,p0631
1.0758,0.8871,2.3434e-07,1.7692,p0632
1.0588,1.1912,1.1123e-06,3.0089,p0633
1.1657,1.1937,2.2471e-10,3.309,p0634
0.80699,0.94402,2.3858e-11,1.9229,p0635
1.1185,1.0091,3.2421e-10,1.0168,p0636
0.82377,1.0239,2.6516e-12,0.61073,p0637
0.98686,0.95818,3.1414e-11,0.82571,p0638
1.0432,0.97285,4.5427e-09,0.75637,p0639
1.0329,1.0627,1.4164e-06,2.5536,p0640
1.0649,1.1563,0.00011471,1.4676,p0641
0.96403,0.95246,2.6377e-11,1.092,p0642
0.83306,0.87492,0.00010966,0.50858,p0643
0.94351,1.1869,2.3859e-14,0.80941,p0644
1.193,0.94239,4.5735e-07,1.0901,p0645
0.85918,1.093,7.0275e-11,2.9564,p0646
0.95707,1.0011,3.8105e-06,3.2245,p0647
0.98849,0.97008,0.00017101,2.2662,p0648
1.1275,1.1752,1.6032e-08,2.0771,p0649
0.86505,1.1385,5.193e-09,1.3932,p0650
1.0741,0.97326,1.2562e-09,3.37,p0651
0.89752,0.84829,1.6378e-12,1.3147,p0652
0.95801,1.0823,7.2414e-10,2.1173,p0653
1.1519,1.1294,7.2665e-06,1.4106,p0654
1.1427,0.98942,1.4387e-08,0.77821,p0655
1.0444,0.88514,1.5258e-07,3.494,p0656
1.0645,0.82011,1.1652e-11,1.6512,p0657
1.1727,0.96661,3.5692e-12,3.2213,p0658
1.0404,0.85135,4.9886e-09,2.253,p0659
1.0628,0.84184,6.5057e-06,1.0297,p0660
0.95087,1.0158,0.00015974,1.2201,p0661
0.95721,0.99084,5.6152e-15,1.0371,p0662
0.89451,1.195,0.00017688,1.3218,p0663
0.91451,1.0515,4.1405e-07,0.74485,p0664
0.86325,0.98062,5.9214e-13,1.1788,p0665
1.1686,0.95346,2.747e-12,2.7378,p0666
0.89165,0.82464,8.9882e-08,0.74832,p0667
0.83288,0.91224,0.00012578,3.3716,p0668
1.1813,0.85865,2.4046e-05,0.89245,p0669
1.0293,1.1627,5.3989e-05,1.0959,p0670
0.80578,0.98856,2.484e-12,1.7571,p0671
1.1475,1.06,9.9812e-10,0.78057,p0672
0.87906,1.0016,1.565e-08,2.5888,p0673
0.91668,1.1249,1.9838e-08,2.2966,p0674
0.83873,0.82422,1.4351e-09,0.67134,p0675
1.0179,1.1129,6.0511e-08,3.2419,p0676
0.84344,1.0324,3.6052e-13,2.7326,p0677
0.83779,0.87749,5.1922e-12,2.4032,p0678
1.1042,1.1478,8.9958e-15,1.9618,p0679
1.0356,0.97621,2.4814e-09,2.5001,p0680
0.90709,1.0613,1.117e-05,3.4248,p0681
0.85032,0.98572,2.6885e-05,0.93182,p0682
1.0554,1.0248,6.5837e-07,1.62,p0683
1.1403,1.0743,1.3901e-10,0.53607,p0684
1.0324,0.91822,7.4858e-12,2.9324,p0685
1.1525,1.1922,4.1472e-13,2.5296,p0686
1.1107,0.81411,2.6322e-14,1.917,p0687
1.0753,1.1363,0.00011287,2.794,p0688
1.1145,1.1182,9.7888e-13,1.6559,p0689
0.84034,0.88482,0.00037282,1.3952,p0690
0.92443,1.0005,2.1138e-09,2.3729,p0691
1.0974,1.1383,3.3274e-08,3.0715,p0692
0.98191,1.0583,1.486e-06,3.4592,p0693
1.1735,1.0264,3.661e-07,1.5875,p0694
0.88274,1.1377,0.00017502,1.0285,p0695
1.0031,1.0558,4.4737e-10,2.854,p0696
0.80528,0.8097,1.1569e-08,1.0632,p0697
0.83092,1.1157,5.3674e-12,1.1291,p0698
1.1396,1.0665,2.5771e-14,3.2656,p0699
1.1563,0.8416,3.2962e-06,3.0809,p0700
1.0462,1.1272,5.5373e-11,3.3599,p0701
0.898,0.80405,2.3843e-09,1.9778,p0702
0.82467,0.90015,8.0685e-08,3.1641,p0703
1.0553,1.0414,3.9922e-14,1.5861,p0704
1.166,1.0518,1.3824e-08,1.2547,p0705
1.1454,1.0777,4.6481e-06,2.0583,p0706
1.1147,0.94504,5.9049e-14,1.08,p0707
1.0632,0.95789,1.7145e-14,1.252,p0708
1.1635,1.1303,3.3587e-09,1.9339,p0709
0.80089,0.80771,1.1279e-05,0.91025,p0710
1.0762,1.0392,3.2668e-06,0.99266,p0711
1.1089,0.82129,7.3422e-15,1.9667,p0712
0.99456,0.90537,3.6763e-08,1.9989,p0713
0.96245,0.92525,1.6824e-14,2.0674,p0714
0.94485,1.119,2.1911e-06,2.9819,p0715
1.1018,1.1033,4.2931e-13,0.86311,p0716
0.93489,0.82376,4.4211e-06,0.89824,p0717
0.99848,0.87584,6.574e-05,1.2873,p0718
1.0947,0.89687,1.7138e-07,2.257,p0719
1.1353,0.86387,2.7045e-13,2.5342,p0720
1.0233,0.83184,1.3431e-13,3.3736,p0721
0.96165,0.98888,3.6964e-11,0.78698,p0722
1.0917,1.1764,2.4649e-14,2.3465,p0723
0.835,0.89142,9.1526e-11,0.69689,p0724
0.80663,1.0817,8.6882e-15,2.3605,p0725
0.90286,1.1563,2.6203e-12,0.59006,p0726
0.84787,0.87584,2.1376e-14,3.4521,p0727
1.1887,0.83313,7.6227e-10,1.0265,p0728
1.0481,1.081,1.1565e-12,1.1283,p0729
1.0421,1.1617,6.3432e-10,2.8281,p0730
0.99897,1.1769,1.0952e-06,0.94088,p0731
1.1237,1.1852,6.1016e-10,1.552,p0732
1.0271,0.95305,1.5041e-09,2.0524,p0733
1.0732,0.86074,1.5678e-09,2.383,p0734
0.94013,1.1159,3.146e-10,0.85616,p0735
1.1219,1.0216,7.3841e-09,1.7683,p0736
1.0754,0.99676,3.6421e-14,2.715,p0737
1.1413,1.1762,3.0016e-07,2.99,p0738
1.1489,0.89105,6.2683e-13,1.8337,p0739
0.82648,0.96406,3.1941e-11,2.6293,p0740
0.85378,1.0446,7.1428e-13,3.0098,p0741
1.0549,1.1789,4.5481e-06,2.9989,p0742
1.0645,1.1107,0.00015466,1.4273,p0743
1.082,0.90808,5.7375e-08,2.0393,p0744
0.92853,1.1992,2.8437e-06,2.466,p0745
0.95096,1.1156,4.0464e-14,2.6021,p0746
0.83006,1.0614,5.5177e-09,1.8673,p0747
0.91032,1.0206,8.0644e-05,2.1852,p0748
1.1923,0.94137,3.0929e-08,2.4327,p0749
1.162,1.187,2.1658e-06,1.9504,p0750
1.0193,0.85592,2.7265e-08,1.7753,p0751
1.1997,0.99554,1.7186e-05,3.2166,p0752
0.85237,0.90904,3.0091e-05,1.2448,p0753
0.88185,1.1075,6.4221e-05,2.8193,p0754
1.1518,0.82553,3.9978e-08,2.9157,p0755
1.1241,0.84946,2.3211e-14,2.0199,p0756
1.0327,0.93978,8.7344e-12,3.4821,p0757
0.87933,1.1215,1.4037e-14,2.3653,p0758
1.1093,1.0519,1.2032e-09,2.1847,p0759
0.9359,1.1686,0.00033555,2.7448,p0760
1.1,0.89325,2.0056e-05,2.962,p0761
1.0551,1.0474,2.2333e-13,1.2322,p0762
1.1716,1.1707,1.0576e-11,2.8896,p0763
1.1277,0.99153,4.2997e-09,0.97154,p0764
0.94639,0.87203,2.5085e-07,0.59336,p0765
0.85682,1.1668,6.5575e-06,2.8011,p0766
0.92163,0.92691,8.7398e-13,2.2344,p0767
1.0278,1.1745,5.2701e-08,0.80674,p0768
0.81957,1.0893,1.1194e-09,3.1881,p0769
0.88846,1.1493,8.7215e-14,2.4682,p0770
0.98997,0.83682,1.4226e-08,3.2993,p0771
0.89273,1.1105,4.6374e-11,0.90221,p0772
1.1533,0.98371,5.2556e-09,2.3125,p0773
1.0152,1.107,1.0676e-09,2.3541,p0774
1.1664,0.9319,2.5466e-14,2.8212,p0775
0.80469,0.99777,7.6212e-08,1.2398,p0776
0.81942,0.98311,2.3085e-10,1.1796,p0777
0.91924,1.1569,1.4221e-05,3.366,p0778
0.89829,1.1365,1.2703e-12,3.1573,p0779
1.1723,0.92104,2.3906e-08,0.854,p0780
1.1896,0.93684,2.0928e-12,2.2551,p0781
0.85733,0.89756,1.994e-13,3.1475,p0782
0.96977,1.0164,1.4347e-05,1.9288,p0783
1.097,0.83647,4.329e-07,1.4297,p0784
0.9262,0.92938,2.8745e-13,3.1714,p0785
1.0355,0.94442,1.2202e-07,1.8033,p0786
1.1433,0.95461,8.278e-08,0.88927,p0787
0.89382,1.0426,3.8656e-05,0.98348,p0788
1.1984,0.81645,1.1216e-12,2.6732,p0789
0.95761,0.96042,8.7413e-10,3.2724,p0790
0.83139,1.1691,1.049e-07,2.9879,p0791
0.87076,0.89399,1.3756e-10,2.3159,p0792
1.1136,0.81805,1.0425e-11,2.7192,p0793
1.1783,0.80207,1.52e-10,2.6903,p0794
0.86012,1.0577,1.74e-10,1.8142,p0795
1.0807,1.1299,8.4007e-08,2.6033,p0796
0.94589,0.97534,1.7962e-08,1.4993,p0797
1.1391,0.9007,1.1732e-10,0.6342,p0798
1.0009,0.93108,1.1569e-14,2.7076,p0799
1.1111,1.0251,3.4676e-14,3.3193,p0800
1.132,1.0317,4.2263e-13,3.025,p0801
0.92042,1.1644,2.3987e-07,3.369,p0802
1.1104,0.93882,2.2311e-14,3.0164,p0803
0.84748,0.9558,4.3452e-10,2.8208,p0804
0.84428,0.91073,6.2077e-09,0.68742,p0805
1.0972,1.1013,0.00031211,2.7683,p0806
0.9639,0.94067,1.4008e-06,3.0857,p0807
1.0375,1.1621,1.2589e-06,0.92512,p0808
0.82213,1.1439,5.6747e-11,2.5262,p0809
1.1648,1.1571,3.5036e-07,1.3675,p0810
1.0251,1.027,3.9643e-08,2.33,p0811
1.1205,0.97204,2.8538e-08,0.71077,p0812
1.1394,0.97078,1.747e-08,1.726,p0813
1.0333,1.1066,2.2637e-06,0.66492,p0814
0.83087,0.80423,2.3626e-07,1.2188,p0815
1.0064,0.82611,6.3406e-14,2.2454,p0816
1.0626,1.184,5.2157e-05,2.3576,p0817
0.89536,1.0069,2.8614e-10,3.495,p0818
0.94059,0.91045,1.6795e-11,0.60157,p0819
1.1154,0.86578,3.4394e-07,0.53311,p0820
0.90559,0.91198,2.2673e-10,1.1147,p0821
1.1235,0.95012,8.7703e-12,2.0649,p0822
0.85842,1.1453,6.6497e-08,0.7533,p0823
1.0154,1.0582,7.9644e-14,1.181,p0824
0.888,1.1067,3.447e-08,0.97963,p0825
1.0422,1.0031,6.8188e-09,0.83443,p0826
1.0237,0.80516,3.8731e-13,3.1464,p0827
1.1339,1.1472,2.3722e-14,1.2966,p0828
1.0288,1.1019,1.5464e-13,2.1489,p0829
0.86055,0.81219,9.9522e-13,2.2897,p0830
1.0189,0.91172,1.9088e-09,1.2903,p0831
0.98308,1.0288,3.4189e-10,0.61534,p0832
1.0578,1.074,3.4519e-11,1.6393,p0833
1.1805,0.94653,1.2685e-08,1.3832,p0834
0.8671,1.0331,3.6401e-10,0.76332,p0835
0.99816,0.9788,9.7952e-05,2.0342,p0836
0.89518,1.0307,9.2279e-12,0.58574,p0837
1.0776,0.85333,2.424e-12,3.3414,p0838
0.98921,1.0079,5.6794e-14,1.7493,p0839
0.94268,1.0323,1.2096e-10,1.4308,p0840
1.1143,0.92575,5.0727e-12,3.3858,p0841
0.97577,0.93032,3.2847e-09,1.8756,p0842
0.85697,0.87613,7.4156e-10,1.7984,p0843
0.82779,1.1073,3.9315e-09,0.63138,p0844
0.96228,1.1407,3.5401e-09,0.80513,p0845
1.1339,0.88083,4.7437e-14,1.329,p0846
1.1349,1.1679,6.6673e-06,0.57814,p0847
1.0805,1.1221,5.6035e-13,2.0044,p0848
1.1734,0.81839,6.7958e-15,1.7602,p0849
1.0557,0.91117,1.9173e-09,1.7139,p0850
1.0769,1.1549,2.9983e-08,1.8003,p0851
0.99045,1.104,3.3933e-05,1.0124,p0852
1.1202,0.83938,1.5215e-08,2.9279,p0853
1.1958,0.81039,3.1619e-06,2.9053,p0854
1.0098,0.80086,4.0896e-10,1.3948,p0855
0.94354,0.85954,6.0227e-11,2.1666,p0856
0.91283,0.83027,1.8641e-07,0.88837,p0857
0.93138,0.96815,4.9847e-05,0.50729,p0858
0.96057,0.96055,1.8363e-14,0.53829,p0859
0.91811,1.0129,0.00010506,2.6811,p0860
1.0838,0.86957,1.4409e-06,3.0443,p0861
1.1438,1.0432,5.5305e-05,1.212,p0862
0.81476,1.0242,1.8096e-12,1.0816,p0863
0.81855,0.91968,8.6452e-08,2.3367,p0864
0.94294,1.0316,7.5672e-05,1.2583,p0865
1.1014,0.96103,1.1083e-08,0.79976,p0866
1.1284,1.0805,3.2967e-13,1.2492,p0867
0.88364,0.84444,1.745e-06,2.3591,p0868
1.0949,1.0482,5.696e-13,2.1252,p0869
0.82056,0.92921,1.055e-08,1.9016,p0870
0.87812,1.103,6.0325e-14,2.6536,p0871
0.96039,0.90052,5.1735e-10,2.6506,p0872
1.0248,1.1847,9.2058e-10,1.7922,p0873
0.82833,0.80539,1.6342e-11,0.5679,p0874
0.89965,1.1665,2.7618e-13,3.0888,p0875
1.1482,0.81858,2.5706e-09,1.3062,p0876
1.076,0.80858,2.3445e-11,2.5949,p0877
0.95576,1.1093,3.8428e-14,3.4468,p0878
1.0445,1.1126,4.5348e-10,1.2625,p0879
1.127,0.87394,7.3632e-09,3.4221,p0880
0.97297,0.80594,8.0209e-10,1.4921,p0881
1.0619,1.1053,1.5384e-12,2.5906,p0882
0.87399,1.0875,3.7593e-12,2.8597,p0883
1.1501,1.1137,3.5849e-10,1.4383,p0884
0.97179,1.0598,0.0004188,0.66778,p0885
1.0055,1.0834,5.36e-08,1.4907,p0886
0.91519,1.1095,9.4319e-14,3.238,p0887
1.0778,1.032,1.0232e-06,1.3758,p0888
0.8364,1.0697,9.0305e-13,0.97643,p0889
1.0505,1.1497,2.5632e-06,1.2951,p0890
1.019,1.152,7.7761e-15,2.0896,p0891
1.0694,0.8177,3.4224e-05,1.204,p0892
0.82972,0.92895,2.7856e-05,0.76944,p0893
1.1167,0.90327,1.3329e-08,2.1088,p0894
0.82733,0.9764,3.2235e-09,1.989,p0895
1.108,1.0138,5.9717e-06,2.0712,p0896
1.1668,1.0935,4.8914e-14,2.2515,p0897
0.93403,1.1833,3.7177e-13,0.57539,p0898
0.80317,0.99384,1.5039e-08,1.6261,p0899
1.0263,0.99269,2.2303e-09,0.80806,p0900
0.89719,1.0268,0.00015243,3.473,p0901
1.1349,1.0244,3.3144e-14,2.8524,p0902
1.0451,0.83495,4.5388e-12,3.4546,p0903
0.89306,0.89733,6.6901e-07,2.5165,p0904
1.1295,1.1121,0.00028084,1.8527,p0905
1.177,1.1499,0.00015606,2.2786,p0906
1.039,0.92179,1.1532e-07,2.5857,p0907
0.91084,1.1596,1.5775e-08,2.2716,p0908
1.1467,1.1608,3.4308e-14,0.64355,p0909
0.98511,0.86299,8.1933e-11,2.958,p0910
1.1725,0.9657,1.7811e-06,2.8493,p0911
0.88607,0.99486,3.4272e-14,3.4872,p0912
0.97984,0.98174,1.1643e-09,0.91947,p0913
1.0202,1.0188,8.3651e-10,2.2495,p0914
1.1372,0.88735,1.1151e-13,1.6152,p0915
1.0536,1.1379,7.3875e-10,1.1538,p0916
1.0391,1.1177,6.2068e-08,1.3804,p0917
0.90889,1.0564,1.8829e-09,0.91632,p0918
1.014,1.034,1.7929e-06,2.786,p0919
0.80682,0.95368,1.0378e-10,2.8352,p0920
1.0418,0.90555,1.1433e-11,1.8348,p0921
0.93645,1.127,1.8522e-08,3.1487,p0922
0.86588,0.81843,3.4622e-05,1.1702,p0923
1.0704,1.0094,1.7453e-11,3.058,p0924
0.81526,1.0688,6.7646e-07,1.8327,p0925
0.90986,0.98686,2.2306e-07,2.802,p0926
1.1889,1.0728,1.5934e-13,3.166,p0927
1.0449,1.137,6.6125e-05,2.2402,p0928
0.88006,0.85632,3.585e-11,1.4644,p0929
0.80273,0.88605,5.0182e-10,0.91063,p0930
0.96813,1.1919,3.593e-05,1.9752,p0931
0.87361,0.82723,3.1131e-06,2.1459,p0932
0.81785,1.1047,6.6379e-14,1.5655,p0933
1.0774,0.8006,5.9681e-08,1.2063,p0934
1.0922,1.1619,7.909e-15,0.64567,p0935
0.82487,0.98108,8.067e-09,1.6405,p0936
1.0283,1.1332,3.8755e-07,3.2446,p0937
0.82251,1.1198,2.1144e-06,3.2846,p0938
1.0478,0.92818,6.544e-07,2.961,p0939
1.1947,0.94762,1.2879e-12,1.1853,p0940
0.99307,0.95677,1.1317e-12,2.273,p0941
0.90472,0.88456,0.00033046,3.2468,p0942
1.1875,0.98557,5.3157e-11,1.7027,p0943
0.83432,1.1278,9.5829e-15,2.3104,p0944
0.92388,0.90254,5.6e-10,2.5069,p0945
0.88688,1.19,1.7266e-07,0.67353,p0946
1.0316,1.1052,1.5135e-05,1.5746,p0947
0.80113,1.1973,5.6641e-07,1.8175,p0948
1.1431,1.0009,1.1043e-13,0.81801,p0949
0.92491,1.1773,3.7775e-08,1.3196,p0950
1.0483,1.1567,7.1699e-14,3.4319,p0951
1.0218,0.85398,4.9337e-07,1.6291,p0952
1.0869,1.1881,2.701e-11,2.7751,p0953
1.1173,1.1672,3.7081e-06,2.6639,p0954
1.0006,0.87087,3.8286e-09,1.4541,p0955
1.1596,0.81608,5.1417e-06,2.0817,p0956
1.1374,0.81302,1.6103e-05,3.196,p0957
0.9081,1.0375,6.5321e-14,3.1335,p0958
1.0793,1.0964,6.3483e-06,3.2235,p0959
0.95676,0.843,2.6833e-07,2.8779,p0960
1.1286,0.98032,2.2954e-07,2.2102,p0961
1.1903,1.0167,1.0133e-12,3.1519,p0962
1.106,0.90026,1.3179e-08,2.6656,p0963
1.1561,1.1434,6.8639e-10,2.601,p0964
0.98433,1.1124,2.2812e-07,2.8709,p0965
1.0526,0.80838,1.4826e-07,2.0722,p0966
0.83938,1.124,2.9585e-14,2.0034,p0967
0.87299,1.0376,4.6936e-09,1.0407,p0968
1.1411,0.96155,2.0591e-11,0.84825,p0969
0.9197,0.87093,6.6802e-10,1.5533,p0970
0.82866,1.04,9.343e-06,1.0725,p0971
0.86686,0.80326,2.4995e-13,1.4967,p0972
1.1879,1.1149,6.8488e-14,3.0069,p0973
1.1552,0.89702,1.2554e-11,0.68513,p0974
1.0259,1.0884,4.0479e-12,2.5509,p0975
1.1692,1.1869,3.9561e-05,1.3028,p0976
0.88241,1.0843,8.8417e-06,1.6958,p0977
1.1376,1.001,6.8093e-11,1.7595,p0978
0.99009,0.95296,1.009e-08,2.483,p0979
0.98003,1.151,4.5889e-09,1.3502,p0980
0.85401,0.80143,7.1916e-07,0.71964,p0981
0.88399,0.96435,8.6419e-13,2.2233,p0982
1.1792,0.99887,7.9645e-11,2.7348,p0983
0.87126,0.91949,1.1937e-05,1.8902,p0984
0.96075,0.95184,0.00038867,0.65414,p0985
1.1769,0.96206,1.2561e-13,2.4809,p0986
1.1924,1.0382,5.3618e-06,2.1978,p0987
1.1557,0.89372,5.0021e-13,1.9738,p0988
0.82516,0.85322,2.8111e-10,1.805,p0989
1.1359,1.0712,1.5705e-10,1.3381,p0990
0.823,1.0762,9.0225e-15,1.2833,p0991
1.084,0.99971,1.2023e-14,1.3653,p0992
0.9044,0.96637,1.6229e-08,2.8769,p0993
0.84392,1.1015,1.7208e-06,2.0315,p0994
1.0132,0.83652,1.0397e-09,1.0247,p0995
1.0527,1.0635,4.1981e-05,0.8615,p0996
0.96339,1.1925,3.4715e-12,3.1568,p0997
0.92996,0.92654,1.2721e-07,2.758,p0998
1.1638,0.83046,1.0639e-14,2.3869,p0999
1.1603,0.98962,1.9965e-09,2.7879,p1000
1.0369,0.89871,0.00039248,1.8927,p1001
0.94903,0.96462,2.6987e-08,1.5034,p1002
1.1457,0.93727,0.0004247,1.0741,p1003
0.87689,1.0906,6.7467e-14,3.1385,p1004
0.82714,0.93229,8.7117e-07,1.4041,p1005
1.1636,0.96591,2.0024e-07,1.5194,p1006
1.0001,1.0607,6.203e-13,3.3502,p1007
1.1135,0.80484,6.8088e-10,0.98471,p1008
1.1535,0.92009,6.4668e-11,2.0489,p1009
0.99774,0.85632,8.3778e-06,2.4536,p1010
0.93087,1.058,9.1881e-15,1.2995,p1011
1.1661,0.97125,3.2097e-14,0.59835,p1012
0.82862,0.87021,5.5476e-13,3.3208,p1013
1.1164,0.9264,1.6645e-09,2.721,p1014
0.93105,1.1252,8.6716e-11,2.8689,p1015
1.0889,0.92204,1.5509e-07,0.84597,p1016
1.111,0.99441,1.2885e-14,1.1031,p1017
1.1601,1.1739,1.8331e-13,0.88595,p1018
1.1741,0.80679,1.5607e-08,3.0322,p1019
0.81904,0.84351,5.3762e-13,1.0681,p1020
1.0017,1.013,2.7476e-07,2.6602,p1021
0.83223,1.1798,1.2032e-13,1.5811,p1022
0.90642,0.87522,3.9873e-07,2.7521,p1023
1.0533,0.85358,5.8113e-05,2.1918,p1024
0.93695,1.0125,0.00014017,2.8826,p1025
1.1342,1.1832,3.499e-13,1.4443,p1026
1.1828,0.90682,0.00012774,0.73778,p1027
1.0766,0.9461,2.629e-06,2.524,p1028
1.0357,1.0084,1.2461e-05,1.1381,p1029
0.94801,1.161,1.2273e-12,2.3118,p1030
0.84071,0.89485,3.9645e-10,1.3539,p1031
1.1125,0.82037,5.1294e-07,2.6208,p1032
0.81752,0.99229,0.00029539,1.4497,p1033
0.98697,0.82764,5.5696e-06,0.57636,p1034
0.83186,0.97278,1.4009e-05,3.1237,p1035
1.0335,1.1801,2.4455e-08,1.9206,p1036
0.96442,0.98806,1.2207e-09,1.7838,p1037
0.97858,0.98591,1.6793e-06,1.442,p1038
0.80924,1.0805,7.8131e-06,1.5942,p1039
1.0033,0.89509,1.5397e-11,2.4554,p1040
1.1937,0.91559,6.4425e-13,1.9386,p1041
0.90328,1.0501,7.2258e-08,1.058,p1042
0.95198,0.97102,1.0911e-08,0.65206,p1043
1.1846,0.9602,2.0899e-14,2.3624,p1044
0.86213,0.88542,2.0455e-09,2.6319,p1045
0.94759,1.1578,1.2854e-09,3.4698,p1046
1.182,1.1694,3.0262e-06,3.342,p1047
0.80655,1.0146,1.7097e-08,3.298,p1048
1.1652,0.9227,1.2205e-14,3.2939,p1049
0.90385,0.87198,1.5627e-09,1.5565,p1050
1.1383,1.0854,4.8247e-07,3.2933,p1051
1.1347,0.83391,4.4548e-14,1.3078,p1052
1.1493,0.89764,8.2645e-14,2.4423,p1053
0.94994,1.0145,6.2834e-10,2.1897,p1054
0.84662,1.01,1.9601e-12,3.302,p1055
0.98606,1.1116,2.1383e-10,2.157,p1056
1.1169,1.1546,2.2387e-08,2.1553,p1057
1.0345,0.83263,6.3183e-15,3.395,p1058
0.95055,0.91825,3.9554e-11,1.2163,p1059
0.83627,1.1979,2.4802e-14,1.4028,p1060
1.1509,1.1908,0.00022981,0.55255,p1061
0.82602,0.84742,5.373e-07,0.7239,p1062
0.81489,0.91886,1.3001e-12,0.70737,p1063
1.0599,0.93831,3.6718e-13,2.6267,p1064
1.1915,1.1684,8.3437e-08,2.462,p1065
1.1865,0.95002,1.1412e-10,3.0753,p1066
1.1743,1.1957,2.7969e-11,2.6677,p1067
1.1555,1.1726,8.2863e-12,1.8154,p1068
0.88155,1.0901,2.8227e-08,2.8608,p1069
1.099,1.1891,1.4284e-13,3.4794,p1070
1.1751,0.92153,1.7125e-12,2.0907,p1071
1.0671,1.0017,0.00024367,0.88286,p1072
1.0607,1.0814,2.1182e-07,1.5598,p1073
1.1131,0.82853,2.5719e-10,3.3271,p1074
1.129,0.90152,6.7506e-08,0.95244,p1075
1.0109,0.96752,2.4496e-13,1.6664,p1076
0.9961,0.87384,7.3544e-06,1.3469,p1077
1.1503,0.94853,3.2826e-07,1.8182,p1078
1.1784,1.076,2.2094e-11,2.1183,p1079
1.1198,1.0462,6.8273e-08,3.0375,p1080
1.1756,0.97709,2.5213e-12,1.698,p1081
0.9747,0.84999,1.685e-12,2.1358,p1082
1.1663,0.80694,3.6157e-07,3.1759,p1083
1.0886,1.0747,2.1781e-05,2.4839,p1084
1.0141,1.1846,4.3124e-10,1.049,p1085
0.84504,0.9186,2.0795e-14,0.50093,p1086
1.0315,0.9127,3.3721e-07,0.86868,p1087
1.0498,1.1879,9.862e-08,3.2222,p1088
0.98659,0.93823,6.0329e-13,1.4458,p1089
0.84121,1.0021,1.4507e-12,2.9342,p1090
0.94652,1.0021,0.00022554,3.1039,p1091
1.1002,1.1043,1.4139e-14,0.71853,p1092
0.93656,1.1787,2.5267e-13,2.7034,p1093
0.85,1.0409,7.3458e-11,2.0737,p1094
1.1504,0.94296,0.00026474,3.2855,p1095
0.9753,0.94958,8.48e-09,2.0782,p1096
0.83763,0.9202,0.00044431,1.8196,p1097
0.86552,1.06,1.563e-12,2.4715,p1098
1.1501,1.1902,8.5542e-07,1.6421,p1099
1.1026,1.1341,1.8972e-08,2.2589,p1100
0.87536,1.0148,1.3369e-12,2.7286,p1101
0.88867,0.96067,5.0329e-09,2.289,p1102
0.93025,1.0917,1.2356e-05,2.3135,p1103
0.93274,1.0567,0.00016724,0.83161,p1104
1.1244,1.097,1.7881e-12,2.7009,p1105
1.1929,1.1346,5.6292e-07,0.54239,p1106
0.86446,0.93247,2.0271e-06,2.3952,p1107
0.83242,0.91914,9.3885e-07,2.4083,p1108
0.86233,1.0352,2.3106e-08,3.4687,p1109
0.99513,1.0624,0.00037932,1.2289,p1110
1.1747,1.0497,0.00014999,1.1157,p1111
1.0472,1.0646,0.00011723,2.9001,p1112
1.1317,0.90142,0.00019559,1.8314,p1113
1.1493,1.0641,0.00014779,2.7569,p1114
0.89493,1.0684,1.6739e-07,3.0271,p1115
0.80208,1.1005,4.1335e-11,2.1262,p1116
0.84602,1.0748,5.0772e-08,0.58857,p1117
1.0851,0.81573,2.0232e-11,2.5683,p1118
0.98465,1.0725,3.1772e-10,1.9054,p1119
1.1439,0.96678,1.0484e-10,3.117,p1120
0.9721,1.1618,2.2698e-13,2.5441,p1121
0.80802,1.0128,3.2391e-14,2.2173,p1122
0.81186,0.8092,6.9626e-12,1.1561,p1123
1.1322,0.82153,1.1384e-09,2.4881,p1124
1.1891,1.0969,2.9083e-14,1.2717,p1125
0.81682,0.98275,5.2241e-14,1.0848,p1126
1.0745,0.97851,9.8142e-06,2.2473,p1127
0.98957,0.90936,0.00032218,1.1349,p1128
1.1787,1.0466,2.704e-14,1.5908,p1129
1.0543,1.1936,4.3272e-14,2.8294,p1130
0.87625,1.0484,3.2506e-05,3.201,p1131
0.84656,0.82312,1.5794e-11,0.50435,p1132
0.91144,0.81095,6.7502e-07,3.1073,p1133
1.0897,0.83853,2.5624e-08,1.162,p1134
0.93316,1.1036,1.3561e-10,3.0415,p1135
0.87745,0.93937,0.0001655,2.5191,p1136
0.84834,1.1941,4.4106e-07,1.4651,p1137
1.0474,1.175,2.033e-05,3.2175,p1138
0.95359,0.97174,1.4799e-13,1.0324,p1139
1.0004,0.94751,3.3812e-06,0.69394,p1140
0.80843,0.9562,7.2665e-15,1.6144,p1141
1.1912,0.8942,9.7933e-12,3.375,p1142
1.1243,1.1736,0.00021277,2.4407,p1143
1.0366,1.0067,6.8612e-07,0.79869,p1144
1.0675,1.1401,3.5618e-08,2.8099,p1145
1.1671,1.0103,3.1258e-10,1.6475,p1146
1.0248,1.0973,1.8791e-13,2.5996,p1147
1.0416,0.91422,8.5316e-15,0.80381,p1148
0.89892,1.1264,4.8776e-07,2.8818,p1149
0.86935,1.0237,1.0671e-13,3.1227,p1150
0.95463,1.1179,9.3475e-11,2.0694,p1151
1.1996,0.94123,1.7881e-07,1.4162,p1152
0.97039,1.1945,2.4319e-05,1.6091,p1153
1.0781,0.88697,2.0949e-06,2.0279,p1154
0.8743,0.97498,1.7697e-13,0.62797,p1155
1.0604,0.88564,2.5022e-10,2.9399,p1156
0.84145,1.0761,2.6022e-06,0.65845,p1157
1.1626,0.93454,2.7248e-07,0.92864,p1158
1.1262,1.1099,4.4017e-14,3.4647,p1159
0.91592,0.84721,8.699e-06,2.4483,p1160
0.91527,1.1037,1.1234e-14,2.6382,p1161
1.008,1.1161,6.6816e-13,1.7066,p1162
1.0702,0.81811,1.3121e-14,1.7957,p1163
1.0647,1.1526,0.00014334,1.4312,p1164
0.88049,1.1094,2.6279e-08,1.705,p1165
1.1187,0.84422,7.0781e-11,0.80145,p1166
1.0954,0.91612,4.0761e-14,1.2507,p1167
1.1065,1.0944,2.113e-12,0.57948,p1168
1.1067,1.022,8.5951e-11,1.4408,p1169
1.1591,0.85519,6.4018e-11,1.0932,p1170
0.86782,1.073,2.1097e-05,1.1188,p1171
0.80724,0.86939,1.1816e-08,1.5006,p1172
0.93262,1.0373,8.797e-07,1.1504,p1173
1.0516,0.84278,4.7745e-06,1.0707,p1174
1.0348,1.1639,1.9079e-06,2.9628,p1175
1.0845,0.86405,3.1597e-08,2.1099,p1176
1.049,0.94943,2.6462e-11,1.4518,p1177
0.99986,1.0869,4.0495e-13,2.771,p1178
0.81831,0.90476,1.9549e-06,2.2058,p1179
0.98169,1.1576,3.9863e-09,1.506,p1180
0.97559,1.197,3.014e-14,2.267,p1181
1.194,1.0407,2.172e-06,2.4489,p1182
0.85456,0.95598,2.1848e-07,2.3025,p1183
1.1533,1.0066,1.6095e-14,3.4504,p1184
1.0546,0.86034,0.00035606,0.55793,p1185
1.0087,1.1997,1.9735e-09,3.4034,p1186
1.028,0.88145,8.0267e-13,2.4226,p1187
0.96293,0.91998,3.9925e-12,1.1139,p1188
1.1103,1.0463,3.0549e-12,1.3269,p1189
0.95319,0.88097,4.177e-14,1.3601,p1190
1.0469,1.1165,2.2543e-11,1.7576,p1191
1.1524,1.0443,1.8676e-09,0.83266,p1192
0.84628,0.82102,4.851e-11,2.0125,p1193
0.95337,1.1242,8.7755e-15,1.7193,p1194
1.1779,1.1862,3.3368e-10,1.982,p1195
0.97781,1.0159,1.2311e-06,1.5144,p1196
1.0839,0.92312,2.6593e-14,2.1501,p1197
0.99466,0.80305,0.00018243,1.021,p1198
0.90876,1.1237,1.386e-11,3.1433,p1199
1.0959,0.81253,2.4668e-09,1.3226,p1200
0.86455,0.80566,1.9618e-05,3.4056,p1201
1.1044,0.94018,9.4576e-05,2.4393,p1202
0.82226,1.0384,3.3558e-07,2.3982,p1203
0.94469,0.85835,2.8821e-12,1.8396,p1204
0.97604,0.8398,1.6809e-05,3.3441,p1205
1.121,0.98268,7.5463e-10,1.8541,p1206
1.072,0.96903,1.3099e-06,2.0611,p1207
1.1689,1.1309,3.5524e-05,2.4858,p1208
0.92099,0.90988,2.4329e-09,1.0032,p1209
1.128,1.1349,1.5251e-12,3.0141,p1210
1.0118,0.8787,1.1568e-13,1.9133,p1211
0.84166,0.9636,0.00012662,0.69487,p1212
1.0895,0.82873,3.1146e-11,2.888,p1213
0.9935,1.0808,3.6315e-06,1.7734,p1214
1.1156,0.9936,1.3113e-13,2.4165,p1215
0.88728,0.96234,5.146e-08,3.2435,p1216
1.1772,0.90793,0.00010075,3.407,p1217
1.093,1.0255,7.4862e-08,2.7056,p1218
1.1989,1.0623,6.2961e-05,2.3001,p1219
1.0319,1.0451,4.1523e-10,3.1862,p1220
1.1613,0.83003,5.6464e-05,2.1546,p1221
0.95536,0.94199,6.1145e-05,2.2942,p1222
0.88526,0.9399,1.148e-06,2.0164,p1223
0.93197,1.0544,6.8231e-12,2.9259,p1224
0.9229,0.97945,6.3563e-12,1.7816,p1225
0.91207,0.81083,9.5729e-13,2.2065,p1226
0.99971,1.1132,0.00018,2.083,p1227
1.0475,1.1689,4.2079e-08,1.5692,p1228
0.95979,1.0849,6.0812e-06,1.4064,p1229
0.91224,1.136,4.6841e-05,0.94762,p1230
0.87701,0.86463,4.3647e-08,2.0113,p1231
1.0564,1.0615,2.6074e-13,1.3789,p1232
1.0144,0.84771,2.4094e-07,2.6386,p1233
0.89559,0.9705,8.6352e-10,1.7635,p1234
0.92503,0.9797,3.2212e-05,0.9984,p1235
0.87722,1.1967,3.0422e-09,3.4449,p1236
0.87593,1.1328,3.1185e-09,2.8794,p1237
0.81674,0.9351,6.9022e-05,3.0221,p1238
0.95165,0.90511,3.9141e-06,0.90132,p1239
0.87783,0.92425,5.8075e-07,1.5999,p1240
1.0191,1.0229,2.5196e-08,2.0382,p1241
1.188,0.91703,9.6592e-08,1.2354,p1242
1.1152,1.0435,0.00023518,1.3809,p1243
1.0126,1.0493,2.9195e-14,2.1308,p1244
1.072,0.9083,6.7659e-13,0.9587,p1245
0.93152,0.85555,1.0874e-09,3.0159,p1246
0.94512,0.92761,1.0254e-13,1.5432,p1247
0.80003,1.0659,1.6269e-14,3.1399,p1248
0.93626,0.89169,8.8809e-13,1.8656,p1249
1.0204,1.1455,7.9898e-13,1.4232,p1250
1.1934,0.87632,3.8653e-08,1.4243,p1251
0.98322,1.0294,8.8499e-15,0.87059,p1252
1.1416,0.8931,1.2571e-07,2.9212,p1253
1.069,1.0832,1.196e-08,3.416,p1254
0.86613,0.82356,6.6127e-13,1.6188,p1255
1.0531,0.89285,5.9821e-07,1.7775,p1256
0.98289,1.0585,0.00035796,1.3308,p1257
1.0123,1.1853,9.3488e-15,3.3278,p1258
1.0485,0.95031,1.5536e-06,1.7123,p1259
0.94255,0.92436,1.3321e-07,0.51605,p1260
1.1192,0.95869,1.7456e-05,0.973,p1261
0.85861,1.1555,1.1761e-12,1.9306,p1262
1.0926,1.0416,2.2431e-11,2.3095,p1263
0.97053,0.81887,2.6766e-08,3.2569,p1264
0.86521,1.0118,5.065e-05,1.2729,p1265
1.0615,1.1412,2.034e-11,2.0501,p1266
0.90049,0.90759,1.4995e-11,2.0084,p1267
1.003,1.0938,1.6655e-06,0.70026,p1268
1.1324,0.88744,4.1751e-11,3.2742,p1269
0.82105,1.139,3.2382e-08,1.8738,p1270
1.007,1.1141,1.8344e-08,1.8027,p1271
1.0821,0.97235,9.1882e-07,3.0613,p1272
0.95434,0.87885,1.6677e-10,2.5355,p1273
0.88211,0.95981,9.9712e-12,1.0942,p1274
1.0783,1.1239,6.7966e-05,3.1113,p1275
0.836,1.0844,3.7697e-14,1.1819,p1276
0.82805,0.94898,1.1826e-10,1.8626,p1277
0.80454,1.1777,5.5513e-12,0.5257,p1278
0.91862,1.1081,1.3564e-06,0.90757,p1279
1.0595,0.81964,0.00030218,1.4662,p1280
0.80074,1.0212,6.4657e-15,1.3108,p1281
0.85488,1.1823,2.0578e-09,2.0011,p1282
0.87776,0.92403,1.7201e-09,1.889,p1283
0.89106,1.003,2.732e-14,1.1875,p1284
1.0831,1.0106,0.00018346,1.3587,p1285
0.92316,1.1445,1.0018e-14,2.3667,p1286
1.0535,1.1557,4.0036e-11,1.6903,p1287
1.1119,1.0773,9.3422e-05,0.51546,p1288
1.037,0.98998,1.2153e-06,1.6838,p1289
0.80562,1.0522,3.2018e-12,3.1281,p1290
0.94861,0.82326,9.2302e-08,2.7214,p1291
1.0318,0.8386,0.00038103,3.3624,p1292
1.0997,1.1363,0.00013181,1.5548,p1293
1.1052,1.0433,1.8134e-13,0.99652,p1294
1.0681,0.87844,2.7971e-09,0.72643,p1295
0.8151,0.80733,2.0565e-08,1.6699,p1296
0.95251,0.81725,7.07e-14,0.67678,p1297
0.83323,1.0371,1.0323e-12,3.1527,p1298
0.9107,1.103,9.2868e-05,3.4009,p1299
0.80329,0.97069,1.4393e-11,2.0463,p1300
0.85297,1.1416,1.3312e-10,2.8965,p1301
0.84974,0.901,6.9572e-05,3.1443,p1302
1.0733,1.0565,8.4521e-14,1.5244,p1303
1.1649,0.8492,5.6722e-13,2.9765,p1304
0.96599,1.0487,1.1826e-07,3.0795,p1305
0.80593,0.81652,0.00025766,2.6875,p1306
0.83994,1.1737,3.1076e-13,2.3519,p1307
1.1729,1.0643,7.0924e-06,1.7521,p1308
1.0129,0.99436,5.446e-09,0.98099,p1309
0.81442,0.84072,2.6292e-05,2.3412,p1310
1.1513,1.1803,2.5083e-12,1.8421,p1311
1.1337,0.85667,3.7751e-05,2.8079,p1312
1.1844,0.831,9.9297e-14,1.3422,p1313
0.86317,0.99052,2.5909e-10,1.0768,p1314
1.1696,1.0505,7.3468e-14,0.75193,p1315
1.146,0.99741,8.2187e-06,1.7552,p1316
1.0027,0.87065,1.2087e-12,2.3823,p1317
1.1464,0.8515,1.4026e-11,2.9091,p1318
1.1715,0.84976,8.9384e-14,2.7101,p1319
0.99417,1.1841,1.487e-12,0.60729,p1320
1.0234,0.83808,6.2614e-14,2.3619,p1321
0.87529,1.0302,7.8435e-07,1.0622,p1322
0.86666,0.86285,1.4246e-07,1.1946,p1323
0.95395,0.89127,2.8895e-07,1.0002,p1324
1.1991,1.0044,1.8206e-09,0.99507,p1325
0.93583,1.0374,1.2109e-13,0.7555,p1326
1.0152,0.98982,3.9168e-13,0.97429,p1327
0.94624,0.80215,6.8755e-13,3.0695,p1328
1.033,1.1315,6.713e-09,3.1603,p1329
1.0037,1.0151,2.2984e-10,2.8912,p1330
1.1267,1.0781,2.4092e-12,0.88136,p1331
0.84192,1.1672,2.5408e-09,1.0563,p1332
0.82573,1.1313,9.1623e-08,3.4846,p1333
0.95069,1.2,0.00022409,1.9652,p1334
1.198,1.1204,4.9004e-09,1.7313,p1335
0.88533,0.98353,4.1808e-09,2.5159,p1336
1.0743,0.89262,3.9887e-13,0.96878,p1337
0.84446,1.1792,9.9271e-06,3.2257,p1338
0.94954,0.81497,0.00049584,3.214,p1339
1.1848,0.92484,0.00012023,2.3921,p1340
1.0137,0.85498,9.7206e-15,1.9277,p1341
1.1977,1.0253,5.0483e-06,0.57256,p1342
0.98787,0.96875,3.2938e-08,0.67611,p1343
0.91717,1.0082,5.4358e-14,3.2322,p1344
1.0296,0.88651,4.519e-07,1.8803,p1345
0.94779,0.97965,3.1371e-05,0.89367,p1346
1.0674,1.1202,2.3686e-05,2.0471,p1347
0.82305,1.1594,5.4295e-06,2.5613,p1348
0.9633,0.96302,1.8513e-10,1.8909,p1349
1.109,0.95383,1.3192e-11,2.8665,p1350
0.97818,0.8866,1.067e-10,1.3762,p1351
1.0069,0.87044,8.1034e-07,2.8592,p1352
0.83251,1.1855,4.4952e-09,1.8619,p1353
0.82903,1.1511,1.5455e-05,2.3046,p1354
1.1312,1.1045,0.00017384,3.2779,p1355
1.0496,1.1288,5.019e-12,3.3829,p1356
0.87234,1.1966,3.6465e-06,0.61673,p1357
0.8203,1.0753,6.2314e-15,0.65708,p1358
0.81288,0.8007,1.6201e-05,2.7278,p1359
0.93808,0.87823,3.6944e-12,2.7305,p1360
1.013,0.84591,1.8499e-05,1.9516,p1361
0.91392,0.93753,1.599e-09,3.3166,p1362
0.93861,1.0592,2.9696e-07,2.7813,p1363
0.96501,1.0704,5.7696e-08,2.8319,p1364
1.0951,0.85273,1.7003e-14,2.9274,p1365
1.1794,0.80871,1.3136e-08,2.3172,p1366
1.1366,0.99605,1.6633e-09,1.4856,p1367
0.98202,0.82705,2.8345e-11,1.4129,p1368
0.80954,1.0101,2.0983e-13,2.7735,p1369
0.995,0.96336,3.1515e-07,3.0226,p1370
0.84083,1.1523,2.0181e-14,2.8156,p1371
0.94821,1.0074,3.0523e-06,0.94249,p1372
0.95525,0.80978,4.7334e-12,1.4566,p1373
1.0945,0.8205,3.3032e-11,2.9448,p1374
1.0975,0.99396,8.2065e-12,0.9048,p1375
1.1587,1.1838,9.5278e-08,2.0617,p1376
1.0577,1.0439,4.1183e-12,2.5135,p1377
1.0667,1.042,1.2733e-11,2.9508,p1378
0.94335,1.1678,1.836e-09,0.78867,p1379
0.9729,0.93785,1.588e-05,0.82088,p1380
0.80158,1.1891,2.7752e-10,1.908,p1381
1.1509,1.0184,1.7077e-06,2.9642,p1382
0.99385,1.1167,1.8177e-05,1.9862,p1383
1.0867,0.847,1.8442e-09,2.2616,p1384
1.169,0.98669,4.3484e-11,1.6245,p1385
1.0437,0.89638,8.2973e-11,1.5123,p1386
0.98237,0.80365,3.7877e-05,2.9731,p1387
0.93367,0.94383,0.00045281,0.60045,p1388
0.81564,0.93467,2.0611e-05,2.3794,p1389
1.1767,1.0719,3.2131e-12,2.214,p1390
1.0565,0.95935,1.3938e-05,3.0394,p1391
0.96725,0.87984,6.2837e-07,1.7449,p1392
1.0407,0.93131,2.4532e-05,2.0564,p1393
0.87852,0.8837,2.7689e-13,3.2587,p1394
0.90289,0.85773,3.063e-14,2.9191,p1395
0.89549,1.0559,1.7317e-10,1.8389,p1396
0.93553,0.85061,3.1356e-12,1.4706,p1397
0.86017,1.1659,4.9475e-06,2.6955,p1398
0.83513,0.98343,2.9851e-11,2.1738,p1399
0.87881,1.0438,6.3631e-14,1.2648,p1400
1.1287,0.82566,3.4219e-13,3.3909,p1401
1.03,1.004,4.7024e-11,2.4432,p1402
1.051,0.87238,2.0425e-08,0.64856,p1403
0.88117,1.0174,6.5275e-12,2.2369,p1404
0.80048,1.1091,6.6865e-06,0.66959,p1405
0.96694,1.1369,5.1358e-05,2.2688,p1406
0.97142,0.8863,6.8185e-06,2.5273,p1407
0.89692,1.0745,3.4416e-09,3.0982,p1408
0.82187,0.86784,2.1471e-05,0.55159,p1409
0.89606,0.99691,0.000473,0.77574,p1410
1.0993,0.84107,3.7318e-07,0.72696,p1411
0.82173,0.85656,3.688e-05,3.4988,p1412
0.92237,1.0003,4.8425e-11,2.9936,p1413
1.1449,0.97834,1.1653e-05,0.87734,p1414
1.1827,0.87132,5.8784e-08,0.68327,p1415
0.97926,0.84909,8.3371e-15,2.3226,p1416
1.1227,0.85754,2.8794e-13,3.3802,p1417
0.94505,0.82686,6.2145e-10,2.8275,p1418
1.1655,0.87162,1.0843e-14,1.3515,p1419
1.063,1.1295,7.2072e-09,0.98165,p1420
1.0864,0.87711,3.1595e-09,1.2457,p1421
0.96515,1.1929,7.6363e-09,2.054,p1422
0.89043,0.93847,1.9909e-12,2.813,p1423
0.93505,1.0488,4.5553e-10,1.9195,p1424
0.81606,1.0596,4.6239e-05,3.0462,p1425
1.1961,0.99623,9.6465e-11,0.59565,p1426
0.85753,0.81345,3.0633e-09,1.1989,p1427
0.87795,1.0123,1.1975e-11,2.5674,p1428
0.91646,0.86909,3.4983e-05,3.0954,p1429
0.81804,1.0198,1.8981e-06,1.4211,p1430
0.83341,1.1208,8.3823e-12,1.4979,p1431
0.9785,0.92078,1.8261e-14,1.8297,p1432
0.9438,1.1361,5.5964e-14,1.5969,p1433
0.9933,1.0177,2.7065e-05,2.3864,p1434
0.86489,0.8789,2.9217e-08,1.2686,p1435
1.0722,1.158,3.127e-13,1.1732,p1436
1.0436,1.1851,7.6589e-15,1.0605,p1437
0.89871,0.90301,4.3758e-05,1.1316,p1438
0.91167,1.1426,8.866e-14,1.027,p1439
0.8163,1.077,2.0493e-07,2.1116,p1440
1.1948,1.0538,2.3563e-12,1.9395,p1441
0.93952,1.0285,1.0401e-14,2.2198,p1442
0.81862,1.0028,4.8538e-06,0.79452,p1443
1.0699,1.1518,6.2558e-06,1.2185,p1444
0.96483,1.1514,0.00028503,0.60412,p1445
1.0737,1.0132,5.8533e-05,2.5792,p1446
0.99209,1.0656,4.4378e-08,2.0335,p1447
1.178,0.89613,1.299e-14,2.3902,p1448
0.82199,1.0963,5.344e-09,0.74263,p1449
0.81268,1.0112,1.519e-13,2.1574,p1450
1.0519,1.0447,5.5175e-07,1.8835,p1451
0.86042,0.9853,1.2232e-12,3.2122,p1452
1.0254,0.96881,9.8894e-13,3.4737,p1453
1.1981,1.1055,0.0001017,2.0236,p1454
0.82077,0.94334,6.4439e-08,1.8101,p1455
1.1081,0.85525,7.8689e-15,1.2927,p1456
1.0771,0.91371,2.268e-12,2.9783,p1457
1.139,1.1192,1.2724e-09,3.4445,p1458
1.1956,1.0456,0.00029085,0.53129,p1459
1.023,0.90438,2.4106e-14,0.81306,p1460
1.1669,1.0821,2.168e-11,2.1655,p1461
0.86538,1.0905,4.5903e-11,1.1669,p1462
0.94464,1.1185,4.7586e-08,2.8408,p1463
1.0279,0.82274,7.185e-07,0.87229,p1464
0.98558,1.1949,9.6229e-09,1.4595,p1465
1.1812,0.87737,1.7658e-06,0.87977,p1466
0.9392,1.0737,0.00013493,1.2365,p1467
1.1899,1.0758,1.3639e-14,2.6965,p1468
0.90107,0.86499,3.0726e-10,2.7121,p1469
1.1444,0.97695,1.5332e-06,1.0119,p1470
0.91624,1.1552,4.9549e-11,1.1754,p1471
0.86953,0.83456,4.364e-07,2.1307,p1472
1.1377,0.99944,5.7676e-12,1.7235,p1473
0.81157,0.95755,4.3335e-13,1.2275,p1474
1.1883,0.80253,4.288e-11,2.8038,p1475
0.96798,1.095,9.6727e-14,1.4794,p1476
0.99325,1.1103,6.8573e-15,1.1233,p1477
0.8166,0.84767,1.6982e-10,0.74452,p1478
1.1713,1.1645,1.1676e-09,1.6241,p1479
1.0169,0.80662,1.4824e-12,1.2373,p1480
1.1921,0.90315,1.5679e-14,2.5738,p1481
0.89082,1.1906,3.7539e-08,2.8262,p1482
0.9637,1.0873,1.2315e-08,1.5833,p1483
0.92749,0.9405,1.1355e-08,2.2036,p1484
1.0794,1.0511,5.8726e-10,2.541,p1485
1.1842,0.91508,1.7918e-09,2.3583,p1486
1.1134,1.1821,1.253e-05,2.9143,p1487
0.86476,1.0864,7.5037e-07,2.5458,p1488
0.99219,0.83706,3.7249e-09,2.1941,p1489
1.0367,0.91025,1.2709e-06,3.4118,p1490
1.14,0.96001,1.0857e-07,1.7645,p1491
0.97315,0.96307,5.5364e-12,2.8237,p1492
1.1836,0.81472,1.9363e-14,0.76789,p1493
1.1448,0.82645,4.1742e-06,1.4934,p1494
1.0245,1.0493,1.763e-07,0.63965,p1495
0.87412,1.1488,2.0728e-13,2.68,p1496
0.94881,1.1148,5.4524e-10,1.1193,p1497
0.9587,0.8392,4.7255e-05,0.72507,p1498
0.89848,1.0751,7.0448e-13,2.9468,p1499
0.93286,1.1195,5.9137e-11,3.4594,p1500
0.93482,0.91244,8.8934e-12,2.6398,p1501
0.82502,0.95083,8.9866e-11,1.1463,p1502
1.1333,0.89823,3.1194e-08,1.9975,p1503
1.1354,1.0359,5.2058e-08,0.74973,p1504
0.86377,0.97038,2.9996e-09,2.319,p1505
1.1006,0.95452,4.0206e-08,2.3336,p1506
1.061,1.0134,2.9642e-12,1.6521,p1507
1.0392,0.94519,1.1043e-14,0.97775,p1508
1.0602,1.0261,6.3283e-11,3.2963,p1509
0.96817,1.0203,6.0247e-10,2.9032,p1510
1.0568,1.1799,2.4177e-13,3.279,p1511
0.81346,1.0699,1.5684e-10,3.3575,p1512
1.1995,0.94157,1.273e-13,1.1017,p1513
0.84097,0.81363,3.1202e-07,1.7146,p1514
0.80555,1.0516,9.7131e-09,2.035,p1515
1.0388,0.82116,1.5775e-06,2.4896,p1516
0.90726,1.0875,1.6187e-06,2.598,p1517
1.0801,0.85799,2.0784e-08,1.6354,p1518
0.96906,1.0124,7.1068e-06,1.1654,p1519
1.1945,1.1419,1.795e-14,1.6448,p1520
1.074,1.0703,0.00026738,0.56378,p1521
1.0067,0.81016,4.5587e-14,1.4255,p1522
0.99038,0.92683,1.618e-10,2.2155,p1523
0.94878,1.1274,9.3303e-07,0.56844,p1524
1.0086,0.94548,6.9707e-11,1.9067,p1525
1.0303,0.81758,1.849e-14,1.9608,p1526
0.95414,1.0839,4.9651e-14,1.0554,p1527
0.8429,0.98247,1.0165e-07,1.8223,p1528
1.1495,0.98917,4.1915e-06,0.99763,p1529
1.0735,1.0052,2.3818e-12,1.7341,p1530
1.0928,0.9768,7.686e-05,2.044,p1531
1.1122,0.85189,1.3997e-12,2.8426,p1532
0.8053,0.89798,7.9044e-06,1.6918,p1533
1.0555,1.0529,3.6726e-09,1.5027,p1534
1.1297,1.0458,1.55e-12,2.4177,p1535
1.0337,1.0415,0.00019944,1.5991,p1536
0.88298,0.82031,6.7966e-14,1.488,p1537
1.1004,0.90865,1.2688e-11,2.1834,p1538
1.1039,0.89526,6.6105e-11,0.9326,p1539
0.8957,1.1701,2.136e-08,0.87607,p1540
0.95648,0.86494,6.383e-09,3.0019,p1541
1.0066,1.1011,7.6413e-07,2.4813,p1542
0.91111,0.98781,1.3299e-09,0.70264,p1543
1.1364,0.97117,4.121e-05,0.74634,p1544
1.1325,1.1019,1.6943e-11,3.0688,p1545
1.021,0.83907,9.0952e-08,2.9518,p1546
1.0176,1.0396,3.5406e-14,1.1849,p1547
1.0021,1.1885,3.6659e-13,1.8368,p1548
0.91425,1.1061,1.3968e-09,1.0184,p1549
0.98742,1.1605,7.6015e-14,2.6937,p1550
0.80198,0.98867,8.5144e-05,3.4839,p1551
1.0511,1.1761,8.82e-09,1.2893,p1552
1.0493,0.83725,4.5285e-13,2.4592,p1553
1.1257,1.0218,2.5679e-08,3.005,p1554
0.95215,1.0142,1.6033e-06,0.51977,p1555
0.84857,1.1141,1.2466e-11,3.0634,p1556
0.99635,1.0661,4.6053e-12,1.7223,p1557
0.91128,1.0105,4.2997e-06,2.985,p1558
0.91607,0.85989,1.1831e-14,0.78177,p1559
1.0405,1.1475,2.924e-11,0.66814,p1560
0.93388,1.0993,1.1909e-07,2.7452,p1561
1.0029,0.87722,6.2799e-09,1.9735,p1562
0.9523,1.0357,3.4227e-11,2.4787,p1563
1.1992,1.0306,0.00036964,1.1912,p1564
0.93673,0.91146,5.2499e-12,2.7029,p1565
1.0382,1.1397,9.6211e-13,3.0545,p1566
1.1848,1.1449,3.1746e-13,2.5209,p1567
1.1682,1.1079,1.0616e-11,0.92127,p1568
1.1315,0.91532,6.5726e-09,2.6498,p1569
1.1968,1.181,1.4624e-12,1.2973,p1570
0.889,1.1264,3.9749e-09,0.5609,p1571
0.85595,0.87323,8.0838e-14,2.6351,p1572
1.0373,1.0651,3.7481e-10,1.9815,p1573
0.85584,0.96486,4.3195e-06,2.0423,p1574
1.1791,1.0319,1.3995e-13,2.5661,p1575
1.1962,1.0099,1.621e-09,2.8345,p1576
1.1834,1.1604,7.3698e-05,1.5487,p1577
0.99564,1.172,9.967e-07,3.4881,p1578
0.92864,0.87686,1.5155e-06,2.5043,p1579
1.1971,1.0336,1.9943e-06,2.7638,p1580
1.1486,1.0989,1.0105e-05,0.53848,p1581
0.94914,0.99595,6.1663e-11,2.3347,p1582
0.95491,0.89273,4.5997e-14,1.0022,p1583
1.1352,1.0617,2.8491e-12,0.83579,p1584
0.93055,1.0958,2.7096e-07,0.65276,p1585
1.16,0.93968,1.8046e-07,1.6891,p1586
1.0675,1.0685,9.554e-05,2.5508,p1587
1.0899,1.1188,2.0546e-10,1.6776,p1588
1.0209,0.84514,7.2394e-05,2.9979,p1589
0.93434,1.0576,1.8078e-08,0.92775,p1590
0.80769,1.1938,1.0334e-07,3.0001,p1591
0.90837,1.0738,1.1229e-06,0.73715,p1592
1.1056,1.1456,1.0537e-06,2.4892,p1593
1.0834,1.1174,3.5566e-06,1.8965,p1594
0.93916,1.0812,3.1908e-07,1.3392,p1595
0.81082,1.1374,3.7359e-14,1.3998,p1596
0.96126,0.98898,1.1809e-13,0.88227,p1597
1.1188,0.84641,6.4659e-09,1.1309,p1598
1.1087,1.1006,1.1069e-06,1.2817,p1599
1.0915,0.87931,2.961e-10,2.8739,p1600
1.0683,1.0816,2.6616e-06,3.2355,p1601
0.87954,1.0933,3.0338e-11,2.6346,p1602
0.96313,0.99193,4.1006e-11,1.8604,p1603
0.8826,1.1153,1.3403e-10,2.0015,p1604
0.98043,1.0555,6.5818e-10,2.465,p1605
0.9825,0.81143,1.834e-10,3.0659,p1606
0.92349,0.92737,4.6293e-09,3.1949,p1607
1.1569,0.98624,8.1465e-05,1.6462,p1608
0.84706,0.97474,1.1825e-05,3.3769,p1609
1.0221,0.83448,8.3481e-13,2.4521,p1610
0.90119,1.0953,7.883e-05,2.2638,p1611
1.0664,0.85105,1.3781e-07,2.8464,p1612
0.95755,1.1291,1.2494e-06,2.4738,p1613
0.85882,1.0337,1.0852e-11,2.9307,p1614
1.1096,1.0023,7.974e-08,0.58062,p1615
0.97119,0.99108,1.4982e-06,1.3691,p1616
0.91198,0.80767,4.4962e-12,1.6025,p1617
0.84367,1.1959,3.8614e-10,3.2342,p1618
0.99402,1.0999,8.8499e-05,0.71574,p1619
0.97161,1.018,2.6489e-09,1.3267,p1620
1.0489,1.0681,6.6858e-12,2.9659,p1621
0.90794,1.0877,8.2785e-06,1.5783,p1622
0.96655,0.84272,2.5867e-05,2.4718,p1623
0.84908,1.1849,1.0543e-14,2.286,p1624
0.85094,1.1415,7.315e-05,2.6143,p1625
1.1623,1.0847,1.2891e-07,1.8257,p1626
1.1839,1.0419,4.2652e-14,3.0033,p1627
0.90345,0.80811,0.00034765,2.2497,p1628
1.0515,0.9374,1.9993e-12,2.0991,p1629
0.99936,0.94693,8.2032e-05,2.6583,p1630
0.94403,1.0205,2.1341e-06,0.89222,p1631
0.94704,1.0112,9.659e-06,2.5252,p1632
1.0623,1.0982,3.0414e-05,3.4974,p1633
1.1419,1.0161,1.4522e-11,1.9953,p1634
0.90698,0.88587,2.1989e-05,1.0355,p1635
1.0846,0.9326,4.6314e-13,1.3162,p1636
0.81913,1.1694,4.6525e-12,2.5284,p1637
1.0147,0.89459,2.6184e-06,2.2778,p1638
1.0908,0.90196,4.9477e-12,2.5321,p1639
0.93992,1.0168,4.7992e-09,1.5845,p1640
0.87473,1.0871,1.7771e-10,1.3855,p1641
1.1421,1.0288,2.7193e-06,0.55599,p1642
0.86963,0.90412,4.9423e-05,1.8015,p1643
1.1357,0.8433,2.5374e-06,1.0335,p1644
0.86405,0.93595,5.4586e-12,1.0426,p1645
0.84698,0.93277,2.8745e-06,1.4605,p1646
1.1822,1.1875,2.84e-09,1.8202,p1647
1.1574,0.85416,2.6795e-14,3.3791,p1648
0.87389,1.0014,2.8027e-07,0.99362,p1649
0.92532,1.0421,2.767e-14,3.0438,p1650
0.89094,0.9189,9.5046e-11,0.81558,p1651
1.0076,0.91377,1.9645e-06,1.3972,p1652
0.8498,1.1533,2.5597e-12,3.3593,p1653
1.094,0.95741,4.0465e-07,2.4924,p1654
0.81044,0.82818,7.5432e-15,2.2649,p1655
0.80982,0.88257,5.1821e-15,1.8241,p1656
0.99114,0.90041,1.081e-11,1.1452,p1657
1.0479,0.88299,7.6183e-12,1.417,p1658
1.1685,0.89223,2.9068e-05,0.52924,p1659
1.004,1.079,7.16e-05,2.3814,p1660
1.1017,0.82577,1.4207e-14,2.763,p1661
0.85673,0.9731,1.0456e-05,2.5728,p1662
0.89887,0.82222,9.2158e-11,2.7268,p1663
0.83681,1.199,4.4336e-05,2.45,p1664
1.1175,1.1711,2.3844e-05,2.6817,p1665
1.0224,0.84081,7.999e-07,1.8115,p1666
1.1617,0.88358,2.2105e-13,1.9457,p1667
1.0346,1.1778,1.9246e-11,3.1788,p1668
0.85929,1.1932,1.5222e-05,2.0105,p1669
0.93355,1.0189,1.2254e-06,1.9114,p1670
0.85983,0.86687,6.1517e-06,0.94523,p1671
1.1645,1.1337,0.000411,2.4157,p1672
1.1801,1.0107,3.9262e-12,2.5384,p1673
1.0637,0.9022,1.0862e-06,1.0595,p1674
0.85074,1.1097,1.5497e-06,2.276,p1675
0.88081,0.9473,2.1392e-08,1.5552,p1676
1.186,1.0018,0.00027063,1.3128,p1677
1.0617,0.95429,1.4582e-06,1.3426,p1678
1.1212,0.88072,0.00033903,1.0474,p1679
1.0275,1.1718,1.8413e-11,0.83711,p1680
1.1232,0.80717,9.4689e-13,2.3434,p1681
1.0208,0.93338,1.0412e-07,3.3431,p1682
1.104,0.99301,4.487e-11,2.8804,p1683
1.1823,0.81121,7.4446e-15,3.3385,p1684
0.81973,1.0547,7.2011e-08,1.4767,p1685
0.89665,0.97358,5.9362e-08,0.93577,p1686
0.93726,1.0047,2.7132e-10,3.3841,p1687
0.97889,1.0403,3.0523e-11,1.3861,p1688
0.95607,0.97771,3.8966e-05,1.2129,p1689
0.93711,0.98028,1.8662e-05,0.68618,p1690
1.0261,1.0247,8.5582e-06,2.1817,p1691
1.09,1.0796,3.5269e-14,1.5014,p1692
0.97516,1.0197,4.8308e-14,2.4912,p1693
1.0725,0.90344,2.9277e-09,3.4862,p1694
0.86729,1.1944,7.7913e-08,3.0956,p1695
0.96852,1.0916,1.1937e-06,2.7971,p1696
1.1248,1.0282,1.2255e-11,3.1213,p1697
0.96887,1.0326,2.1476e-09,2.4072,p1698
1.0892,1.1454,3.1477e-06,2.8575,p1699
0.8635,0.81539,1.23e-10,0.86448,p1700
0.95785,1.1306,1.4279e-10,1.8694,p1701
1.0314,1.0115,0.00022083,2.0882,p1702
1.1809,0.93491,3.1556e-05,3.2187,p1703
0.80493,0.93041,1.2427e-08,0.67269,p1704
1.1607,0.96978,1.1476e-10,2.6525,p1705
0.88194,1.0653,3.7976e-12,3.3763,p1706
1.1748,1.1731,1.7034e-13,0.50623,p1707
1.0484,1.164,1.3528e-13,3.2809,p1708
1.119,0.81915,4.6969e-10,1.9631,p1709
0.90458,0.99847,1.3067e-11,2.8051,p1710
0.98081,1.1954,3.3535e-11,1.5248,p1711
1.0624,0.87666,1.7035e-12,0.95662,p1712
1.0848,0.93698,8.6412e-05,2.1039,p1713
1.1332,0.96279,9.256e-09,1.6488,p1714
1.1247,1.0929,0.00030635,3.4483,p1715
1.0457,1.0441,2.4945e-11,2.4023,p1716
1.0473,0.95635,0.00020566,3.1299,p1717
0.82144,1.0619,1.282e-05,2.9313,p1718
1.0399,0.8317,2.5979e-12,3.0823,p1719
0.83447,0.85482,3.4715e-07,2.2542,p1720
1.0789,0.86121,2.5101e-06,2.9107,p1721
0.97219,0.94398,1.4559e-05,1.6717,p1722
0.92709,0.83301,1.0348e-08,3.2684,p1723
0.98706,1.1123,9.127e-07,0.93696,p1724
0.8757,0.89824,7.8889e-10,1.747,p1725
1.133,1.0298,2.7191e-09,0.81702,p1726
0.95825,0.84856,1.562e-05,1.1493,p1727
0.97344,1.0193,1.002e-07,1.0386,p1728
1.0306,0.87275,8.8858e-09,2.9573,p1729
1.0529,0.9584,1.0067e-06,2.1342,p1730
0.98121,0.94242,5.8094e-12,2.5753,p1731
1.0241,0.94605,3.3039e-12,3.2664,p1732
0.89405,1.1592,1.5551e-14,3.2707,p1733
0.97599,1.1087,2.9445e-13,3.0903,p1734
0.9971,0.91433,4.9792e-07,0.96121,p1735
1.1157,0.9873,7.3174e-14,1.7075,p1736
1.0225,0.86971,3.3663e-14,1.9259,p1737
1.0695,0.91304,1.5492e-09,2.6181,p1738
1.0903,1.0236,2.1136e-13,1.2099,p1739
0.97251,0.95128,8.8086e-10,3.295,p1740
1.001,0.88207,0.00010461,3.1978,p1741
1.1405,1.1058,1.3049e-10,2.0171,p1742
0.99177,1.1083,0.00043153,0.976,p1743
0.92076,0.82903,2.3016e-05,1.6373,p1744
0.99436,1.0655,4.2592e-08,2.9371,p1745
1.1478,1.1108,4.2612e-12,1.5908,p1746
0.89322,1.0674,8.4934e-08,1.1091,p1747
0.97873,1.0783,7.7704e-06,2.4627,p1748
0.96589,1.0878,2.2638e-05,2.5599,p1749
0.9884,0.8455,7.0164e-12,2.9961,p1750
1.0172,0.99708,0.00012469,1.9109,p1751
0.8566,1.1342,1.2189e-08,1.2438,p1752
0.85718,0.83071,5.2125e-07,1.0869,p1753
1.1965,0.97197,1.8911e-07,0.86042,p1754
1.0214,0.90279,1.6603e-07,1.3235,p1755
0.84547,1.0383,0.00010228,0.94665,p1756
0.9493,0.87939,1.5043e-12,1.8937,p1757
1.1058,0.8151,1.3427e-09,1.9233,p1758
0.92472,1.0058,1.3199e-05,0.93859,p1759
1.0428,1.0898,5.8348e-12,0.89025,p1760
1.1424,0.97917,1.0155e-09,1.2807,p1761
1.128,1.1946,3.2662e-11,0.86806,p1762
1.0711,1.1978,1.3732e-13,1.731,p1763
1.1293,0.86726,2.5972e-05,0.81101,p1764
1.1024,0.89211,3.1867e-13,2.0858,p1765
1.0097,1.031,1.9164e-05,2.7997,p1766
1.1877,1.0808,8.8535e-07,1.9095,p1767
0.96945,0.84483,6.363e-08,2.1745,p1768
0.8552,0.93563,2.1662e-10,0.54958,p1769
0.87016,1.1451,2.3732e-13,1.6796,p1770
1.0765,0.95169,6.4822e-14,2.4974,p1771
1.1759,0.90355,4.4157e-11,1.6325,p1772
1.0008,0.90633,4.8239e-13,3.2874,p1773
1.1766,0.8027,5.2137e-06,1.9319,p1774
1.0155,0.85847,3.9625e-12,1.843,p1775
0.83667,1.1594,2.4532e-06,2.0305,p1776
1.1904,1.1612,1.8755e-10,3.1183,p1777
1.1863,0.83576,4.4173e-10,1.9473,p1778
0.81206,0.84385,8.0313e-15,3.3671,p1779
0.91006,1.1434,1.2612e-12,1.2852,p1780
0.96203,0.85367,0.0002395,0.6289,p1781
0.99953,1.0549,2.0174e-08,2.534,p1782
0.96001,0.97219,4.6802e-12,2.2386,p1783
0.94309,1.1539,3.0732e-05,2.1478,p1784
1.1217,0.93933,7.7488e-11,1.1061,p1785
0.8963,0.87425,1.776e-08,2.103,p1786
0.99871,1.091,5.5383e-07,3.4111,p1787
0.99916,1.1324,4.6885e-07,2.3145,p1788
1.0994,0.94343,2.8399e-14,1.7662,p1789
0.92158,1.0638,5.8272e-15,3.3231,p1790
1.1306,0.98093,1.8568e-13,0.99112,p1791
1.1979,1.0555,0.00015862,1.7484,p1792
0.96748,1.0245,2.3736e-11,1.5963,p1793
0.99095,0.84942,5.5658e-10,2.2299,p1794
0.95883,0.95807,2.9672e-11,2.0055,p1795
0.87556,1.071,2.2441e-12,3.087,p1796
1.1907,1.1225,1.5398e-10,1.3149,p1797
0.81935,0.91926,9.5961e-12,3.3885,p1798
1.0012,0.91721,1.0258e-07,2.7168,p1799
0.9891,0.86845,0.0003098,0.50291,p1800
0.84871,1.1662,5.0847e-15,1.954,p1801
0.92944,0.89095,1.0266e-06,3.1815,p1802
0.88667,0.88389,3.8901e-10,2.2462,p1803
0.89968,1.0722,2.4982e-09,2.0065,p1804
0.95449,1.0966,6.5162e-11,2.8075,p1805
0.98888,1.1009,0.00017845,2.0509,p1806
1.0285,0.95834,8.5965e-14,0.53118,p1807
0.83755,0.89926,1.0713e-07,3.3956,p1808
1.1263,1.0836,2.183e-08,1.8751,p1809
0.90003,0.98394,3.2788e-10,3.2015,p1810
1.1117,0.95504,1.7752e-09,1.4555,p1811
0.85802,1.0795,1.7034e-10,1.1569,p1812
1.1595,0.87768,7.1881e-13,3.1918,p1813
1.1452,1.1656,3.3922e-08,2.3236,p1814
1.117,1.1808,9.5044e-07,2.1588,p1815
0.88038,1.0199,6.4124e-09,1.608,p1816
1.0427,0.91848,7.2751e-12,3.3159,p1817
0.90862,0.85206,1.52e-09,0.68039,p1818
0.90609,0.90565,3.7809e-07,3.3815,p1819
1.0062,1.1182,3.4556e-09,1.737,p1820
1.1048,1.1585,0.00016811,3.0139,p1821
1.1642,1.03,5.3281e-07,2.9219,p1822
0.88824,0.99128,2.9433e-09,2.9375,p1823
0.88026,1.0912,2.7448e-10,1.152,p1824
0.98942,0.88923,1.5947e-11,3.2891,p1825
1.0202,0.97165,1.5638e-11,2.0749,p1826
0.85495,0.83793,9.3832e-13,2.6973,p1827
1.144,1.1716,1.3565e-14,1.1101,p1828
1.1762,1.0399,2.6066e-10,2.081,p1829
1.0496,1.1648,2.8605e-14,3.0499,p1830
0.89987,1.1283,4.3425e-05,3.1776,p1831
1.1467,0.85448,4.9208e-06,2.531,p1832
0.83026,1.1813,7.0548e-05,3.1277,p1833
1.1224,0.81111,3.3214e-13,0.71683,p1834
1.1579,0.82494,6.0515e-05,0.69677,p1835
0.82442,0.96614,0.00035181,2.1145,p1836
0.92697,0.98506,1.5274e-13,2.5036,p1837
0.9199,1.0588,9.8486e-09,2.3679,p1838
1.0219,1.147,8.2972e-14,2.0916,p1839
0.84485,0.91805,4.4824e-07,1.7466,p1840
1.0025,0.85232,1.456e-14,3.3546,p1841
1.0002,0.90611,2.5427e-10,1.79,p1842
0.98729,1.0498,1.9799e-05,3.2107,p1843
0.91347,1.166,0.00040744,0.93541,p1844
0.86291,0.80303,1.1486e-05,3.3127,p1845
1.0958,1.1675,4.3214e-08,1.8061,p1846
0.89198,0.94482,2.2077e-10,1.1776,p1847
1.1832,0.92584,1.4182e-09,2.9498,p1848
1.1121,0.92553,3.6258e-09,3.4902,p1849
1.0716,0.83208,2.9841e-05,0.60933,p1850
1.0981,1.0706,1.0987e-12,1.7356,p1851
1.1679,0.99021,4.666e-10,3.4269,p1852
0.90584,0.9291,1.6487e-14,2.0397,p1853
0.98776,1.0506,8.4312e-15,3.4256,p1854
1.1082,1.0889,5.5496e-14,0.90061,p1855
0.93737,1.0784,1.8533e-06,2.5223,p1856
1.0493,0.96957,3.5611e-05,2.6999,p1857
1.0803,0.91456,1.2329e-09,0.62033,p1858
0.84608,1.1089,5.3904e-14,3.1843,p1859
0.98403,1.0788,7.4113e-14,1.0153,p1860
1.0227,0.98197,7.5299e-13,2.1944,p1861
1.0574,1.1305,3.2339e-08,3.2535,p1862
0.91337,1.052,6.1953e-07,1.1331,p1863
1.0179,0.84807,2.1656e-12,1.3521,p1864
1.017,1.1421,5.6638e-12,3.2072,p1865
1.1472,0.98794,5.7291e-07,2.3051,p1866
0.8783,0.88953,3.4047e-13,2.7418,p1867
0.98104,1.1387,5.3041e-12,3.3373,p1868
0.8138,1.07,4.5127e-06,1.9602,p1869
1.0689,0.90374,6.2396e-11,1.4146,p1870
0.9835,1.0366,1.6493e-10,2.9175,p1871
1.0113,1.077,5.039e-15,0.82925,p1872
1.1926,1.1785,1.6387e-13,2.4208,p1873
1.0707,1.1171,1.2379e-07,1.4182,p1874
0.98803,1.0153,1.8822e-08,2.2271,p1875
1.0287,0.84231,6.198e-06,3.1158,p1876
1.0127,0.93918,5.5873e-08,2.4045,p1877
0.81766,0.8898,7.4077e-13,3.0339,p1878
0.87448,1.0355,2.1648e-09,1.284,p1879
1.0417,1.1743,2.2497e-09,1.6747,p1880
0.91482,0.84624,5.2378e-08,0.98519,p1881
0.91709,0.96467,1.4063e-10,1.6702,p1882
0.83896,1.1653,4.8706e-12,3.131,p1883
1.0121,1.0032,2.9336e-10,1.6992,p1884
1.062,1.0458,7.155e-11,2.6164,p1885
0.89702,0.81322,1.487e-14,3.1934,p1886
0.94273,1.1843,3.6525e-11,3.2687,p1887
1.1549,0.89165,1.9906e-08,2.7493,p1888
1.1092,0.85157,1.091e-14,1.8562,p1889
0.95236,1.0797,7.7297e-12,0.64068,p1890
1.1575,0.97335,3.0415e-10,2.3779,p1891
0.94543,0.99313,3.2602e-12,3.3332,p1892
1.0465,1.0071,2.4628e-10,2.2188,p1893
0.97387,0.86097,3.3571e-10,1.5325,p1894
1.1797,1.1356,2.3116e-06,1.1364,p1895
1.0703,0.8765,2.397e-09,0.96793,p1896
1.1462,0.87914,6.2657e-05,0.95423,p1897
1.1546,0.83119,4.2026e-12,0.53577,p1898
0.91497,1.1874,1.1196e-08,1.0793,p1899
0.92014,0.8821,0.00042764,2.8398,p1900
1.0361,0.81979,1.0351e-06,1.9803,p1901
0.91413,0.91584,7.8711e-14,2.8979,p1902
0.82543,0.97403,6.739e-15,1.5618,p1903
0.87312,1.1931,1.0111e-09,1.9343,p1904
1.1912,0.82341,1.6631e-08,1.8861,p1905
0.95475,1.1681,9.4697e-08,1.3645,p1906
1.0738,0.83075,1.0228e-11,3.1828,p1907
0.96179,1.094,3.6831e-07,3.1142,p1908
1.0501,1.0076,4.7554e-13,1.6184,p1909
1.0595,0.92351,1.4006e-07,2.5063,p1910
1.1222,1.1028,1.0496e-09,2.8838,p1911
0.9014,1.1986,4.0829e-07,0.96038,p1912
1.1001,0.84892,4.0533e-10,0.71815,p1913
1.1972,0.87464,4.1423e-12,2.6364,p1914
0.90937,0.82596,4.883e-05,1.6609,p1915
0.84579,1.0563,1.7364e-09,2.1059,p1916
1.1222,0.98592,2.6769e-11,2.281,p1917
1.1116,0.86339,8.6204e-15,1.5399,p1918
0.83653,0.86643,6.0564e-07,1.7656,p1919
0.90493,0.959,6.6687e-11,0.70076,p1920
0.91048,0.85054,1.177e-12,2.0595,p1921
1.1723,1.1223,2.4478e-14,3.1995,p1922
0.87187,0.95409,9.295e-10,3.3933,p1923
1.0413,1.1112,8.1105e-15,0.64673,p1924
1.0101,1.1427,5.7529e-09,2.9529,p1925
0.80264,0.91767,1.1447e-06,0.52347,p1926
0.80635,1.1531,7.0936e-10,1.287,p1927
1.1515,0.88428,1.9422e-13,2.7248,p1928
1.1176,0.93522,4.1126e-10,0.81656,p1929
1.1048,0.89233,1.1095e-10,0.93375,p1930
1.0443,1.1155,9.9111e-08,2.1872,p1931
1.1892,0.97517,2.2201e-10,1.8689,p1932
1.1677,1.1598,1.1002e-09,2.8662,p1933
0.8014,0.99288,1.8867e-13,1.2011,p1934
1.0977,0.88894,1.0223e-14,1.5187,p1935
1.1162,0.84663,7.7441e-09,0.8193,p1936
1.1191,0.8593,8.5274e-13,2.9428,p1937
1.172,1.0941,0.00016937,2.3699,p1938
0.92723,1.0363,1.2241e-07,1.5073,p1939
0.92266,0.86804,4.1205e-14,1.9894,p1940
0.8132,1.0731,1.367e-09,0.62968,p1941
1.0396,1.0162,5.253e-07,0.67412,p1942
1.046,1.1995,3.8289e-07,1.9793,p1943
1.1583,0.83235,1.9866e-09,1.198,p1944
1.0934,0.94358,6.7091e-05,1.5706,p1945
1.1789,1.1348,2.9735e-13,1.0716,p1946
1.1754,0.8313,1.8286e-07,1.5236,p1947
0.91693,1.069,2.3718e-10,1.4007,p1948
1.0095,0.85083,1.5158e-14,1.3985,p1949
1.0071,1.1219,6.9112e-08,2.908,p1950
0.8529,0.889,1.1196e-07,1.5348,p1951
1.0048,1.0025,0.00016279,3.4508,p1952
1.0522,1.1201,2.4497e-11,0.59373,p1953
0.99477,0.86443,2.4077e-10,1.7943,p1954
0.86634,1.1335,2.0422e-14,1.7089,p1955
0.89127,0.87786,9.5869e-07,1.5475,p1956
0.83931,1.075,5.2508e-06,3.454,p1957
0.83371,1.0923,3.7233e-08,1.8727,p1958
0.85959,0.9957,7.9256e-05,0.95581,p1959
1.1975,1.1817,3.2393e-06,1.5136,p1960
0.92832,1.1339,1.0654e-13,2.2977,p1961
1.122,1.0356,3.8213e-13,0.66134,p1962
1.1293,1.1488,1.7542e-05,1.6172,p1963
1.0661,1.1231,7.8943e-12,1.1542,p1964
0.92376,0.88846,4.2171e-09,2.3501,p1965
1.0563,1.0039,3.0572e-07,2.6567,p1966
0.85226,0.85236,8.1399e-09,0.96659,p1967
0.99728,0.93656,1.9385e-09,3.4492,p1968
0.92991,1.0955,1.587e-06,1.2262,p1969
1.1071,0.93021,7.9226e-12,1.2611,p1970
1.1805,1.0733,3.6022e-14,3.3491,p1971
0.97096,1.1429,7.7952e-13,2.7773,p1972
0.85896,0.92393,7.8447e-14,2.1228,p1973
1.159,0.88471,3.564e-07,1.3622,p1974
0.8584,1.0648,3.6429e-09,2.5176,p1975
0.99167,0.88236,1.9407e-08,2.4945,p1976
1.1387,1.0695,7.6728e-13,1.1645,p1977
1.1259,0.83987,2.279e-08,1.1125,p1978
0.90829,1.0461,1.0293e-10,1.0141,p1979
1.0948,1.1139,4.1365e-13,0.92409,p1980
1.1567,0.94815,6.1171e-09,1.6584,p1981
0.88992,1.0346,7.1825e-14,1.9873,p1982
0.94846,0.95044,6.7598e-11,1.6131,p1983
1.0968,0.93483,1.4038e-09,1.4739,p1984
1.0614,1.0449,2.1733e-08,0.69831,p1985
0.87058,1.177,0.00019279,3.1709,p1986
1.0508,0.96831,3.3154e-12,1.8853,p1987
1.0045,0.89846,1.467e-13,2.626,p1988
1.041,1.113,8.7811e-05,3.4079,p1989
1.0844,1.0135,0.00032894,2.4943,p1990
0.9927,0.9914,9.0376e-06,1.008,p1991
1.0454,0.89542,5.9251e-07,1.7617,p1992
1.1356,1.1292,1.6265e-13,2.1527,p1993
0.99693,1.1262,6.021e-12,2.0545,p1994
1.085,0.86335,2.3344e-08,2.8714,p1995
0.87337,1.0914,9.4243e-15,2.6886,p1996
0.885,0.95321,4.4746e-09,3.053,p1997
1.1073,1.0907,3.379e-11,3.031,p1998
1.1025,1.1898,9.6841e-11,2.7721,p1999
0.85632,0.83897,1.443e-13,2.6442,p2000
0.94439,1.098,1.1398e-07,0.61388,p2001
1.1564,0.87827,6.9778e-09,3.3469,p2002
0.88858,0.97663,1.3824e-12,1.8553,p2003
0.92803,1.0278,2.2435e-14,2.6791,p2004
0.98763,0.85787,1.2737e-10,3.4638,p2005
0.99951,0.88679,0.00020144,3.0973,p2006
1.1009,1.0453,1.6065e-12,2.8166,p2007
0.88697,0.88619,8.3458e-07,2.8947,p2008
1.0683,0.83346,1.8923e-11,2.2702,p2009
1.0239,0.9726,9.3624e-09,1.9008,p2010
0.86241,0.90114,5.3209e-13,1.9911,p2011
0.91024,0.91499,2.6721e-10,0.79286,p2012
0.83915,1.1714,2.8318e-13,1.8951,p2013
1.0591,0.86138,2.554e-13,2.9954,p2014
0.96132,0.80585,7.5266e-09,3.2457,p2015
0.86103,0.89886,3.4553e-13,1.0837,p2016
1.0808,0.85892,1.6786e-08,2.4148,p2017
1.064,0.85184,9.1822e-14,1.0091,p2018
1.1869,0.98526,0.00020329,3.2744,p2019
1.0632,0.92091,1.2812e-14,1.0696,p2020
0.83697,0.98742,1.642e-05,0.98944,p2021
1.0944,1.0911,1.096e-13,2.2389,p2022
1.0023,0.82808,1.666e-05,0.51014,p2023
0.96215,1.1168,5.7316e-05,0.83054,p2024
1.0214,1.1976,6.1191e-13,2.7931,p2025
0.97361,1.0367,7.8387e-10,2.0362,p2026
0.96152,0.93551,3.3198e-06,1.14,p2027
1.1511,1.1367,3.6976e-10,1.828,p2028
0.95289,0.80373,1.1801e-14,2.8516,p2029
0.83418,0.94311,7.2506e-09,1.5952,p2030
1.1435,1.0038,3.9825e-05,0.6842,p2031
1.0641,0.82302,3.8991e-14,1.6537,p2032
1.0853,1.163,2.3302e-10,3.3787,p2033
1.0458,1.0078,4.7661e-09,1.2411,p2034
1.0073,0.92355,2.5681e-11,2.5201,p2035
1.0431,0.86748,4.4771e-05,3.3243,p2036
1.0827,1.0792,8.425e-05,3.3876,p2037
1.0865,1.0034,1.7528e-14,1.5114,p2038
1.1965,1.1486,1.2586e-10,2.5703,p2039
0.90243,0.82672,2.2554e-07,0.89638,p2040
0.92926,1.0349,8.0451e-12,1.6908,p2041
1.016,1.1818,5.1829e-13,1.363,p2042
1.0827,1.1442,2.8601e-05,2.17,p2043
0.94555,0.80938,1.1809e-09,0.76215,p2044
1.1406,0.99913,2.1355e-09,0.83891,p2045
0.84517,1.1286,5.7511e-06,3.2497,p2046
1.0434,0.90458,1.029e-08,1.097,p2047
0.82329,1.111,1.4758e-14,1.4455,p2048
0.89935,1.1044,2.7912e-05,1.3047,p2049
0.99363,0.82771,9.9826e-11,2.7791,p2050
0.95846,0.84706,1.3361e-06,1.9439,p2051
0.8335,0.86542,5.2315e-15,2.113,p2052
0.9205,0.8388,5.0407e-08,2.555,p2053
0.96545,1.1234,0.00014099,1.5757,p2054
0.87096,0.87456,2.6328e-07,2.2955,p2055
0.80508,1.0622,3.4123e-06,1.2091,p2056
1.1678,1.0119,4.2493e-13,3.2146,p2057
1.0919,1.0207,1.9615e-08,0.61774,p2058
0.82987,0.98838,1.0917e-10,2.4704,p2059
0.98992,0.80461,2.5781e-07,3.3458,p2060
1.0343,0.87957,6.6196e-12,2.2822,p2061
1.0243,1.0735,6.6951e-15,2.6622,p2062
1.0103,1.0984,1.4188e-12,2.094,p2063
0.97803,0.95914,5.8992e-12,2.5117,p2064
0.83821,0.82204,2.2169e-12,1.2385,p2065
1.1055,1.0903,0.00018765,3.3991,p2066
1.0138,0.84005,3.6482e-14,1.3547,p2067
1.0298,0.94797,7.5686e-06,1.6679,p2068
1.088,0.9411,3.1753e-14,0.8024,p2069
0.88109,1.1353,5.2924e-11,3.4218,p2070
1.044,1.1828,5.4264e-15,3.4761,p2071
1.0403,0.89595,5.2544e-10,2.714,p2072
0.91313,0.87419,2.8594e-09,1.8778,p2073
1.1214,1.169,9.2994e-12,1.8448,p2074
0.82923,0.85257,6.8928e-13,2.2997,p2075
1.015,1.1381,3.2013e-05,2.2608,p2076
0.88793,1.0257,3.4383e-12,2.3211,p2077
1.0796,0.99064,7.1585e-12,1.0054,p2078
1.0861,0.81333,1.597e-07,0.55396,p2079
1.1428,0.9693,8.1133e-11,1.667,p2080
1.1693,1.1588,9.5416e-10,0.5834,p2081
0.95967,0.83408,5.5735e-15,3.1008,p2082
0.87978,1.0043,5.5857e-09,3.3549,p2083
0.92202,1.0221,1.4689e-06,3.0652,p2084
0.99673,0.92498,1.1637e-08,2.2133,p2085
1.1007,1.1814,2.3908e-10,2.9127,p2086
0.98278,1.1559,7.6594e-08,1.0392,p2087
0.90198,0.92231,3.8147e-11,1.3705,p2088
1.1763,0.88968,1.4567e-05,1.4513,p2089
1.0876,1.0507,8.9527e-07,1.6014,p2090
1.0074,1.1566,2.0128e-13,2.1761,p2091
1.0412,1.1448,3.0656e-13,1.683,p2092
0.9276,1.1883,1.3852e-09,3.2603,p2093
0.92906,1.1414,4.6568e-11,2.768,p2094
0.98587,0.88046,4.1971e-10,2.2743,p2095
0.90593,0.84042,2.4394e-10,1.695,p2096
0.83209,1.0532,2.064e-14,1.4058,p2097
1.0635,0.83021,1.4559e-13,2.1072,p2098
1.0891,0.98448,2.8296e-11,2.8562,p2099
0.85611,0.89898,2.1853e-11,2.5647,p2100
0.80351,0.87308,0.0001903,0.65096,p2101
1.1909,1.1005,0.00034217,2.116,p2102
0.8761,1.1775,1.3877e-06,3.0027,p2103
1.0187,0.95492,2.0586e-12,3.2882,p2104
1.0268,1.0274,1.0078e-10,2.8229,p2105
0.98263,0.80632,1.8189e-10,3.207,p2106
1.0589,0.85809,1.9073e-12,2.5024,p2107
0.81549,0.90581,5.9912e-09,1.1625,p2108
0.95729,0.91679,5.3023e-06,3.2999,p2109
1.0921,1.0062,8.4968e-12,1.7043,p2110
0.87105,0.86831,9.1304e-13,0.61946,p2111
1.0667,0.83223,6.3516e-13,2.2563,p2112
1.0988,0.98485,5.8391e-14,1.4432,p2113
1.0231,1.0154,6.5134e-05,2.015,p2114
0.98449,1.0604,4.724e-06,3.4001,p2115
1.0857,0.82259,1.3049e-07,3.3149,p2116
1.0513,0.94781,4.148e-05,1.6548,p2117
1.0561,0.93408,2.6074e-11,2.5768,p2118
1.1205,1.1652,3.2012e-06,0.98995,p2119
0.96258,0.86861,1.3319e-11,2.5429,p2120
0.89408,0.96771,5.3062e-05,1.5659,p2121
1.0873,1.0602,0.00036681,1.9472,p2122
0.88449,0.96539,2.0063e-11,1.9413,p2123
0.95625,0.95142,5.9178e-05,1.7858,p2124
0.8577,1.0587,1.9575e-14,1.2771,p2125
1.1233,0.88879,4.991e-08,2.3963,p2126
0.92787,1.0629,7.8868e-09,3.083,p2127
0.81701,1.0972,7.6498e-14,3.0599,p2128
1.0906,1.1034,0.00025997,1.3715,p2129
0.89776,0.93288,4.4414e-07,2.3843,p2130
1.1491,0.95524,7.1634e-10,2.6931,p2131
1.0925,1.1315,4.7479e-08,1.3366,p2132
0.81311,1.0605,4.6897e-08,1.509,p2133
1.079,1.0141,7.0188e-07,0.50543,p2134
0.91939,1.0165,2.9639e-06,3.1554,p2135
0.86838,0.80037,3.8145e-14,1.4897,p2136
0.91843,1.0707,1.0757e-08,1.8638,p2137
0.99144,1.1834,2.7454e-05,1.4535,p2138
0.91746,1.1527,9.7541e-07,1.3189,p2139
0.95122,0.86776,2.3838e-08,2.4743,p2140
0.83963,0.84465,9.497e-09,2.6089,p2141
1.0216,1.122,7.5358e-12,0.76159,p2142
1.0713,1.0887,6.6154e-09,1.849,p2143
1.0545,0.99856,2.8719e-07,1.0821,p2144
0.95139,1.1279,5.557e-06,2.2045,p2145
1.1919,0.81936,9.0294e-07,2.5797,p2146
0.84059,0.82446,5.8747e-06,1.3091,p2147
0.82011,1.006,8.1171e-06,3.1321,p2148
0.97982,0.87515,3.1432e-14,0.89915,p2149
1.199,0.8652,2.2972e-12,1.5582,p2150
1.1606,0.89998,7.6219e-11,2.2912,p2151
0.94177,1.0862,5.3584e-15,2.572,p2152
0.99577,1.1956,2.2402e-13,3.0593,p2153
0.88634,1.1071,5.7205e-06,1.7332,p2154
1.147,1.0552,1.3854e-07,2.9387,p2155
0.88317,0.96728,3.7304e-11,1.2074,p2156
1.1442,0.82794,1.0683e-05,2.8063,p2157
1.0244,0.87361,1.4778e-08,2.8473,p2158
0.86794,0.91645,5.7356e-13,1.4629,p2159
1.195,0.81398,1.6642e-13,0.92341,p2160
1.1633,1.1491,4.376e-06,1.4325,p2161
0.99597,1.1829,4.0154e-06,2.2267,p2162
0.81991,0.93138,7.7952e-05,3.0474,p2163
0.93224,0.97459,1.35e-09,0.74081,p2164
1.1855,1.0114,7.566e-11,1.122,p2165
1.1703,1.1982,0.00013066,2.1874,p2166
1.1777,0.96345,1.1654e-10,2.9243,p2167
0.83401,0.99924,5.1564e-09,1.6443,p2168
1.0985,0.80003,4.2158e-11,1.9688,p2169
0.82396,1.0881,6.3039e-06,0.70389,p2170
0.95901,0.95224,5.5005e-10,0.6777,p2171
1.183,1.0842,1.0937e-05,2.1685,p2172
1.0109,0.95201,3.1964e-08,1.4726,p2173
0.86753,0.97798,0.00025275,1.0233,p2174
0.88649,1.0491,4.8087e-13,0.75804,p2175
1.1329,1.1467,2.5838e-07,1.9573,p2176
0.92664,1.0534,5.6822e-15,0.76548,p2177
0.85445,1.0005,1.8311e-05,3.4376,p2178
0.81121,1.0183,1.4819e-10,0.62358,p2179
0.9443,1.0682,1.1604e-14,3.135,p2180
1.0019,0.94477,1.8868e-12,2.7694,p2181
0.80429,1.0976,8.5102e-09,2.7959,p2182
0.87862,1.1484,1.6384e-07,2.5815,p2183
1.1941,0.92805,1.2877e-10,1.4075,p2184
1.1149,1.1631,2.014e-07,2.9358,p2185
0.90074,0.9467,1.6034e-13,0.75747,p2186
1.032,1.1506,1.5105e-07,2.6424,p2187
1.1034,0.86308,2.8069e-06,3.4124,p2188
1.1927,0.85685,1.7711e-10,1.8125,p2189
1.0173,0.88556,8.4413e-14,2.0248,p2190
0.88438,1.1119,9.9547e-15,1.6973,p2191
0.80854,0.92595,3.1968e-07,3.2299,p2192
0.80446,1.1059,2.8811e-08,1.3251,p2193
1.187,0.96221,3.0682e-14,2.8628,p2194
0.86187,1.1441,4.0581e-08,1.9,p2195
0.96572,0.98613,2.2199e-05,3.3132,p2196
1.1408,1.12,1.0413e-05,2.9696,p2197
1.1585,0.88248,2.0023e-14,2.862,p2198
1.0882,0.93058,2.5777e-09,2.2289,p2199
0.98019,1.0828,5.7387e-14,3.3516,p2200
0.93545,0.888,2.276e-14,2.5927,p2201
1.0487,1.0802,0.00028805,2.641,p2202
1.0053,0.96647,5.6352e-09,2.7429,p2203
1.0901,0.84357,1.2427e-12,2.8883,p2204
1.1516,0.97587,9.9718e-14,2.0969,p2205
0.86429,1.0481,1.0508e-08,2.6727,p2206
0.80893,0.82637,8.1922e-07,1.0574,p2207
1.0295,1.0919,1.8302e-11,3.3477,p2208
0.93875,0.87111,1.6926e-07,3.2368,p2209
0.87942,0.84404,1.7452e-12,2.7054,p2210
1.0115,1.1191,9.0826e-14,3.0554,p2211
1.0037,1.0846,3.7723e-09,2.5822,p2212
0.97718,0.94822,5.6036e-05,3.0626,p2213
1.041,0.89982,4.8458e-08,2.7551,p2214
1.0082,0.83542,6.3901e-05,0.8272,p2215
1.0859,0.86424,5.3779e-15,2.6332,p2216
1.0059,0.92378,5.1948e-10,0.57711,p2217
0.82944,1.0726,2.3609e-06,0.78426,p2218
0.8607,1.0444,1.2091e-14,3.203,p2219
1.1416,0.89353,3.0186e-08,0.65547,p2220
0.80234,0.82071,6.4416e-10,2.1618,p2221
1.0979,1.1746,3.8711e-06,2.894,p2222
0.82796,0.87331,1.0691e-12,2.4197,p2223
0.86887,0.91548,5.1341e-12,2.6284,p2224
0.8158,1.0866,1.1457e-12,0.801,p2225
1.1371,1.1895,2.7175e-13,3.1679,p2226
1.1542,1.1389,5.7069e-08,1.9252,p2227
0.81878,1.0667,4.5913e-06,1.7283,p2228
1.0104,0.96971,1.2926e-08,1.6061,p2229
0.94208,0.86048,2.8342e-07,1.8519,p2230
0.91651,1.1698,1.9282e-07,2.5468,p2231
1.1308,0.91061,1.117e-11,0.82776,p2232
0.85813,0.86008,1.9023e-14,3.0237,p2233
1.1757,1.1624,4.5995e-08,3.3036,p2234
1.1385,0.83474,0.0004794,1.8069,p2235
0.91829,0.93081,8.8395e-08,3.0912,p2236
1.1401,1.1245,4.5221e-05,2.6774,p2237
1.0112,0.9134,2.6736e-05,0.92116,p2238
1.1673,0.96164,5.4733e-08,1.0348,p2239
1.1817,1.0834,3.3572e-13,1.5622,p2240
1.1323,1.038,0.00020787,1.0776,p2241
1.0643,0.86875,9.1507e-13,2.6149,p2242
0.9645,1.186,5.3068e-14,0.87371,p2243
0.90316,1.0072,0.00043587,2.467,p2244
1.1209,0.9446,6.9301e-14,1.1691,p2245
1.141,0.81779,1.0633e-06,1.4472,p2246
0.92275,1.1531,1.2142e-11,2.7619,p2247
0.90178,0.93611,5.9883e-13,1.5095,p2248
0.80404,0.91293,3.7112e-14,2.8858,p2249
0.89369,0.80468,3.7622e-10,2.7606,p2250
0.89486,1.0594,4.2423e-06,0.87137,p2251
1.0813,1.0643,4.4651e-14,1.6428,p2252
0.89014,1.1629,1.1844e-06,3.1022,p2253
0.86172,1.1996,0.0001484,1.0524,p2254
1.1582,1.1725,7.4912e-09,1.4355,p2255
1.13,0.9261,1.7671e-05,1.5286,p2256
1.1068,0.94091,1.5895e-12,1.4622,p2257
0.97492,1.0297,2.3797e-13,1.9715,p2258
1.1265,0.81595,3.2998e-10,1.2593,p2259
0.94205,0.96265,2.0972e-11,0.97254,p2260
1.1969,1.0391,2.0773e-05,2.476,p2261
0.85371,0.88497,6.1472e-14,2.2593,p2262
0.96999,1.0186,1.5769e-14,1.39,p2263
1.1367,1.1289,4.9082e-10,2.7154,p2264
0.93889,1.1513,1.5664e-07,2.2231,p2265
0.87171,1.0663,2.0425e-07,0.63641,p2266
1.1028,0.80277,8.2071e-07,2.6488,p2267
1.1646,1.1001,2.0831e-11,2.6837,p2268
1.1616,1.1765,2.0311e-12,2.5952,p2269
1.0381,1.1682,6.0674e-15,2.7587,p2270
1.0401,1.0868,2.6864e-12,0.51193,p2271
1.1621,1.0986,3.7303e-05,0.58193,p2272
1.0523,0.83618,7.3797e-07,1.1601,p2273
1.0333,0.93864,1.3446e-07,1.4219,p2274
1.0785,1.0209,0.00026301,0.66603,p2275
1.0323,1.1276,4.7354e-07,0.82386,p2276
0.81595,1.0572,5.8398e-06,3.4286,p2277
0.85423,1.1696,6.9364e-06,0.56691,p2278
1.0935,1.1175,2.1753e-14,3.441,p2279
0.87201,0.88349,7.3493e-13,1.6118,p2280
0.80909,1.1767,8.1956e-13,3.4397,p2281
0.97068,1.1933,4.3196e-11,1.7698,p2282
0.92143,1.1027,2.0715e-10,0.66413,p2283
1.0883,1.1346,1.1758e-06,0.95237,p2284
1.179,0.86161,9.6089e-06,2.8648,p2285
0.91797,0.82885,1.8474e-12,0.84501,p2286
0.85262,1.1561,6.1129e-11,3.2198,p2287
0.95932,0.84172,4.4052e-08,1.5769,p2288
1.1305,1.1151,4.0736e-11,2.1786,p2289
0.93239,0.86223,9.2257e-06,1.7296,p2290
1.1641,0.97142,1.4342e-11,1.2667,p2291
0.97833,0.83596,2.3122e-11,1.1925,p2292
0.98383,0.82949,6.1787e-05,1.0179,p2293
0.80763,0.90696,1.9468e-11,1.2705,p2294
0.91369,1.1535,1.0976e-08,2.731,p2295
1.0014,0.82926,1.2099e-05,3.4427,p2296
1.068,0.95479,7.0501e-15,3.3321,p2297
1.0663,0.86353,3.4422e-10,1.3344,p2298
1.0159,1.1472,2.338e-13,1.8502,p2299
1.0771,1.1663,4.0025e-07,0.86515,p2300
0.85939,1.0089,1.7426e-13,2.28,p2301
1.073,0.92777,6.5871e-15,1.7425,p2302
0.97476,1.1077,8.3508e-10,1.7404,p2303
1.1458,0.83959,7.512e-14,3.2717,p2304
0.90368,0.96189,3.0174e-10,0.85085,p2305
1.1837,0.90705,1.0809e-05,2.2093,p2306
0.81437,0.88818,1.6244e-07,2.4597,p2307
0.87496,0.81184,2.0794e-09,2.9874,p2308
1.1851,1.1431,0.00038789,3.1699,p2309
0.82583,1.0424,0.0002499,2.5633,p2310
1.1604,0.99493,1.3488e-12,1.2417,p2311
0.99751,1.0228,2.1902e-12,2.63,p2312
0.90148,0.89491,1.0238e-05,1.1966,p2313
1.103,1.0272,2.4227e-13,1.9362,p2314
1.1705,1.1021,2.3845e-06,1.6752,p2315
0.92931,1.0996,1.7632e-12,2.1472,p2316
0.87354,1.1196,1.7726e-14,2.171,p2317
1.0606,0.86476,6.0983e-10,0.78978,p2318
1.1639,1.029,6.2049e-14,1.0541,p2319
0.88615,1.1326,8.3198e-13,3.0745,p2320
1.0124,1.1864,3.8247e-10,2.6227,p2321
0.97351,0.8254,2.6498e-10,1.3358,p2322
0.99291,1.1953,1.8789e-05,1.2472,p2323
1.1531,1.0405,5.992e-06,1.1215,p2324
0.87043,0.84462,1.2475e-13,1.3446,p2325
0.85616,0.92038,4.8802e-14,0.67912,p2326
0.92887,1.1017,2.3254e-12,2.4987,p2327
0.88548,0.80115,9.0461e-12,2.9832,p2328
1.1108,1.1235,0.00014433,2.2876,p2329
0.91891,1.0927,1.3569e-12,3.3528,p2330
0.84539,0.80392,0.00029921,1.203,p2331
1.078,1.0065,1.4401e-08,1.1475,p2332
0.92123,1.1145,1.5868e-10,3.2627,p2333
1.1309,1.1988,1.3872e-13,1.2484,p2334
0.97073,1.0983,1.0943e-11,1.0655,p2335
0.91742,0.85912,1.2917e-05,1.905,p2336
1.031,1.1517,0.00023246,1.6874,p2337
1.0119,1.0354,1.469e-11,0.51356,p2338
1.0046,1.1844,3.3809e-09,2.4861,p2339
0.80963,1.1436,0.00010627,2.41,p2340
0.87294,0.87181,7.509e-05,2.5697,p2341
1.0235,0.87995,3.1576e-12,2.0663,p2342
1.1537,0.93643,3.2014e-09,3.4182,p2343
0.98635,1.0477,9.4494e-14,1.8817,p2344
1.1939,1.0569,2.4465e-12,3.2829,p2345
1.181,0.96431,4.1513e-08,1.8464,p2346
0.84573,0.84615,4.101e-13,2.1277,p2347
0.85264,0.99036,6.6052e-14,2.8926,p2348
0.83269,0.92973,1.069e-10,2.8178,p2349
1.0386,1.1217,1.3073e-09,1.0012,p2350
0.86156,0.95159,1.3599e-05,0.85275,p2351
1.1824,0.97575,6.6243e-08,3.084,p2352
1.157,0.89044,1.6092e-11,1.7015,p2353
1.1985,1.1637,4.7924e-11,0.55405,p2354
1.1953,1.1927,4.8031e-05,1.7789,p2355
1.1687,1.1322,3.58e-09,1.7894,p2356
1.1201,0.91011,1.6794e-10,3.0483,p2357
1.1543,1.0672,6.2434e-12,0.58655,p2358
0.91471,0.80912,2.7641e-06,1.5457,p2359
0.92771,1.1541,3.0816e-11,2.2768,p2360
0.83124,1.1616,1.3697e-06,3.2645,p2361
1.0692,0.99799,4.8176e-05,1.3871,p2362
0.97698,1.1437,1.0768e-14,2.7227,p2363
0.91089,1.1788,9.091e-15,1.3738,p2364
0.82359,0.92733,3.8517e-06,2.6078,p2365
1.1576,1.1857,0.00027807,1.5444,p2366
0.81263,1.1445,2.197e-14,0.92961,p2367
1.0016,1.0827,0.00013882,2.2361,p2368
1.1918,0.83612,6.4852e-08,0.72085,p2369
0.94164,1.0677,4.7725e-12,1.3011,p2370
0.89254,0.81178,2.2599e-09,0.585,p2371
1.071,1.1687,5.1686e-13,1.0987,p2372
0.8875,1.1317,4.3689e-10,0.77474,p2373
0.90172,1.0172,8.0796e-12,1.9921,p2374
0.83524,1.1273,1.3829e-10,2.2028,p2375
1.1078,0.82513,3.1979e-10,1.3604,p2376
0.97911,1.1719,1.0176e-13,1.6347,p2377
1.0425,0.95684,5.6659e-06,1.2633,p2378
1.1407,0.98467,4.0912e-09,3.3047,p2379
1.196,1.0465,1.4606e-10,3.2489,p2380
1.1455,1.1912,2.54e-07,1.585,p2381
0.80943,1.0819,7.7344e-13,2.8138,p2382
0.98077,1.178,2.1803e-10,2.1126,p2383
0.86093,0.89663,7.332e-12,2.6558,p2384
0.91239,1.0156,2.4739e-05,2.133,p2385
1.1878,1.0265,2.4405e-07,0.63869,p2386
1.0677,1.1246,9.3701e-11,2.3529,p2387
1.0107,0.83732,1.5075e-07,2.6229,p2388
1.1098,0.81995,1.7287e-14,0.52763,p2389
1.0548,0.89076,1.1259e-09,1.4816,p2390
0.83155,1.1964,7.964e-10,2.375,p2391
0.81713,0.83416,2.9013e-10,3.2509,p2392
1.1045,0.91746,8.9698e-05,1.3121,p2393
0.92423,0.97541,3.5609e-10,0.88491,p2394
0.96017,1.1529,5.4411e-11,0.60212,p2395
1.0293,1.0182,3.2768e-09,2.6245,p2396
1.1588,1.0062,0.00031869,3.1367,p2397
0.94103,0.95265,5.3119e-15,2.1989,p2398
1.0133,0.9609,2.4837e-06,2.2415,p2399
1.0429,1.1986,9.2951e-08,1.409,p2400
0.81219,0.97737,1.8865e-10,2.74,p2401
1.1699,0.86758,1.8851e-07,0.90573,p2402
0.85544,0.99173,1.4147e-13,2.3946,p2403
0.90402,1.1873,1.2269e-13,1.6314,p2404
1.1182,1.0679,5.2854e-14,1.3828,p2405
0.97277,1.1613,2.825e-12,2.9237,p2406
0.86917,1.0547,1.2546e-14,2.7946,p2407
0.90954,0.80751,3.9292e-10,2.9202,p2408
0.89651,1.0233,2.1097e-10,2.3067,p2409
0.81645,1.043,4.4236e-12,3.1041,p2410
0.89426,1.1727,6.7878e-05,2.8507,p2411
0.86601,1.039,1.3046e-12,3.2059,p2412
0.84307,0.94277,1.2401e-10,0.59645,p2413
0.94389,1.1983,7.7207e-10,2.2317,p2414
1.1973,1.0537,1.2819e-06,1.4945,p2415
0.82639,1.1977,2.4412e-06,1.1177,p2416
1.0163,0.8692,2.2868e-13,0.91309,p2417
0.88926,0.92448,2.3294e-06,2.9937,p2418
0.88928,0.97715,1.1534e-13,1.3881,p2419
0.96711,1.1463,3.4965e-06,1.0883,p2420
1.145,0.89789,4.9273e-13,0.76518,p2421
1.0635,0.99954,4.8348e-10,1.8876,p2422
1.0453,1.0512,1.1611e-06,1.9683,p2423
0.81096,0.93102,0.00019487,1.1343,p2424
0.86699,0.81206,9.7102e-07,2.3509,p2425
1.1566,0.801,3.3003e-05,1.5591,p2426
1.0824,0.81,2.3049e-14,1.9701,p2427
1.0833,1.083,1.6141e-10,3.052,p2428
1.1882,1.1214,2.9432e-12,2.8113,p2429
1.088,0.90925,3.3536e-12,0.81048,p2430
0.92362,1.0081,7.5964e-13,2.5105,p2431
1.0687,0.94984,1.5875e-09,2.4333,p2432
1.0585,0.94419,1.0988e-05,1.1589,p2433
1.1697,0.84054,1.5578e-11,1.5674,p2434
0.84275,1.1357,1.0215e-05,3.0059,p2435
0.92453,0.8878,0.00013708,3.491,p2436
1.0964,0.98425,1.481e-05,1.3336,p2437
0.96288,0.85727,8.1792e-15,2.5482,p2438
0.89288,1.1127,1.9188e-08,1.7251,p2439
1.1711,0.84789,3.8572e-07,3.3357,p2440
0.84883,1.121,7.8791e-08,2.3083,p2441
1.0265,0.9468,5.6198e-08,3.3097,p2442
1.1868,1.0258,7.4154e-07,3.4419,p2443
1.1499,1.1784,3.0867e-06,1.9935,p2444
0.89064,0.9686,2.2545e-06,2.0096,p2445
1.0397,1.0339,6.7941e-09,2.4059,p2446
1.116,0.84687,4.2272e-09,2.0219,p2447
0.8003,0.81484,5.7441e-11,2.1376,p2448
0.87985,1.1713,1.0843e-09,2.1792,p2449
1.0601,1.0053,3.6001e-12,1.4954,p2450
1.1142,1.1732,1.562e-13,3.0996,p2451
1.005,0.93435,7.8113e-09,2.6118,p2452
1.1074,0.84512,5.9813e-11,0.58899,p2453
0.97651,0.98653,7.8744e-11,2.8844,p2454
0.98875,0.95606,8.4654e-11,1.0754,p2455
1.1238,0.90495,8.068e-06,3.1868,p2456
0.99651,1.0486,8.7875e-08,2.7986,p2457
0.8061,1.1991,5.7471e-10,2.1412,p2458
1.0093,1.1179,1.4915e-08,0.6915,p2459
0.9701,0.95118,3.6307e-12,2.8994,p2460
1.118,0.98008,3.5387e-12,2.7364,p2461
0.89209,1.0349,1.3028e-09,0.76012,p2462
0.93329,1.0688,2.4723e-07,1.8989,p2463
1.1732,0.95057,0.00046891,2.1678,p2464
1.029,1.1468,7.2533e-10,2.3558,p2465
0.94079,0.90526,2.9294e-06,3.1967,p2466
1.0198,0.93204,7.9353e-06,2.458,p2467
1.056,0.98135,1.0036e-11,0.56569,p2468
0.89817,1.0754,2.3208e-13,3.019,p2469
1.1558,0.95653,6.2576e-08,1.2047,p2470
0.90239,0.96797,2.7395e-11,0.77268,p2471
0.99631,1.099,9.0634e-11,3.419,p2472
0.81343,0.97425,1.9235e-14,1.9837,p2473
1.1069,0.81558,8.8201e-11,2.3386,p2474
1.0872,0.85298,1.6871e-06,1.2744,p2475
0.83476,1.1475,1.966e-14,2.5138,p2476
0.82268,1.0231,0.00021905,2.8749,p2477
1.1342,1.0561,3.8096e-08,2.3758,p2478
0.98527,0.96993,2.0545e-05,2.9779,p2479
1.1741,0.96255,7.2687e-07,2.0141,p2480
0.80873,0.82404,1.9543e-10,1.6932,p2481
0.96464,1.1897,2.7871e-07,1.6731,p2482
1.1908,1.096,1.1455e-09,1.8799,p2483
0.96092,1.1143,1.235e-13,3.3353,p2484
0.80711,0.84196,1.1382e-14,2.8379,p2485
1.0984,0.86208,2.2832e-06,1.6382,p2486
1.1551,1.0223,2.8985e-11,2.2171,p2487
0.94981,0.95998,4.4815e-08,3.0718,p2488
1.1361,0.91404,7.2497e-11,3.038,p2489
0.86979,0.93162,3.0912e-09,2.3886,p2490
1.1273,1.0825,1.2473e-09,1.7174,p2491
0.97405,0.86191,5.2504e-05,1.5407,p2492
0.91557,0.8615,2.9411e-08,1.0676,p2493
0.94963,1.0528,0.00027357,2.6067,p2494
0.95517,0.97361,0.00032569,0.64179,p2495
1.083,1.1011,2.2185e-06,3.0177,p2496
0.80395,0.81533,3.9117e-14,1.7508,p2497
0.82092,0.94564,2.3134e-11,3.3613,p2498
0.90569,1.1549,1.719e-11,0.54688,p2499
1.1094,0.91129,3.8253e-12,3.1666,p2500
