"Organization","Station.ID","Sample.Date","Sample.Depth","Sodium","Chloride","Sulfate","Y","Z"
"CityofMadison","CityofMadison",1940-01-31,NA,NA,6,NA,1940.08265027322,-1.78600515436945
"CityofMadison","CityofMadison",1940-03-11,NA,NA,3,NA,1940.19193989071,-2.00457259150649
"CityofMadison","CityofMadison",1940-05-28,NA,NA,1.28,NA,1940.40505464481,-2.12988458879839
"CityofMadison","CityofMadison",1940-06-25,NA,NA,2.93,NA,1940.48155737705,-2.00967249837302
"CityofMadison","CityofMadison",1940-07-30,NA,NA,3.17,NA,1940.57718579235,-1.99218710340206
"CityofMadison","CityofMadison",1940-08-27,NA,NA,2.23,NA,1940.65368852459,-2.06067156703833
"CityofMadison","CityofMadison",1940-09-11,NA,NA,0.81,NA,1940.69467213115,-2.16412682061653
"CityofMadison","CityofMadison",1940-10-30,NA,NA,2.88,NA,1940.82855191257,-2.01331528899197
"CityofMadison","CityofMadison",1941-03-07,NA,NA,1.8,NA,1941.17876712329,-2.09199956636131
"CityofMadison","CityofMadison",1941-05-19,NA,NA,1.35,NA,1941.37876712329,-2.12478468193186
"CityofMadison","CityofMadison",1941-06-17,NA,NA,11.9,NA,1941.45821917808,-1.35615586133328
"CityofMadison","CityofMadison",1941-07-08,NA,NA,5.73,NA,1941.51575342466,-1.80567622371179
"CityofMadison","CityofMadison",1941-07-29,NA,NA,1.14,NA,1941.57328767123,-2.14008440253146
"CityofMadison","CityofMadison",1941-08-20,NA,NA,3.18,NA,1941.63356164384,-1.99145854527827
"CityofMadison","CityofMadison",1941-09-10,NA,NA,1.04,NA,1941.69109589041,-2.14736998376936
"CityofMadison","CityofMadison",1941-10-02,NA,NA,3.18,NA,1941.75136986301,-1.99145854527827
"CityofMadison","CityofMadison",1942-02-02,NA,NA,3.75,NA,1942.08835616438,-1.94993073222223
"CityofMadison","CityofMadison",1942-04-28,NA,NA,1.59,NA,1942.32111872146,-2.1072992869609
"CityofMadison","CityofMadison",1942-06-17,NA,NA,2.61,NA,1942.45810502283,-2.03298635833431
"CityofMadison","CityofMadison",1942-07-17,NA,NA,2.12,NA,1942.54029680365,-2.06868570640002
"CityofMadison","CityofMadison",1942-08-10,NA,NA,1.25,NA,1942.60605022831,-2.13207026316977
"CityofMadison","CityofMadison",1942-09-15,NA,NA,1.63,NA,1942.7046803653,-2.10438505446574
"CityofMadison","CityofMadison",1942-10-01,NA,NA,2.5,NA,1942.74851598174,-2.041000497696
"CityofMadison","CityofMadison",1942-11-12,NA,NA,2.87,NA,1942.86358447489,-2.01404384711576
"CityofMadison","CityofMadison",1942-12-15,NA,NA,5,NA,1942.95399543379,-1.85886096674847
"CityofMadison","CityofMadison",1943-01-14,NA,NA,2.25,NA,1943.03618721461,-2.05921445079075
"CityofMadison","CityofMadison",1943-02-17,NA,NA,2.5,NA,1943.12933789954,-2.041000497696
"CityofMadison","CityofMadison",1943-04-14,NA,NA,2.87,NA,1943.28276255708,-2.01404384711576
"CityofMadison","CityofMadison",1943-05-25,NA,NA,3.13,NA,1943.3950913242,-1.99510133589722
"CityofMadison","CityofMadison",1943-06-15,NA,NA,1.62,NA,1943.45262557078,-2.10511361258953
"CityofMadison","CityofMadison",1943-07-19,NA,NA,3.75,NA,1943.54577625571,-1.94993073222223
"CityofMadison","CityofMadison",1943-08-16,NA,NA,1.5,NA,1943.62248858447,-2.11385631007501
"CityofMadison","CityofMadison",1943-09-27,NA,NA,2.5,NA,1943.73755707763,-2.041000497696
"CityofMadison","CityofMadison",1943-10-11,NA,NA,2.5,NA,1943.77591324201,-2.041000497696
"CityofMadison","CityofMadison",1943-11-01,NA,NA,1.63,NA,1943.83344748858,-2.10438505446574
"CityofMadison","CityofMadison",1943-12-15,NA,NA,2.75,NA,1943.95399543379,-2.02278654460125
"CityofMadison","CityofMadison",1944-01-28,NA,NA,2.5,NA,1944.07433970856,-2.041000497696
"CityofMadison","CityofMadison",1944-02-23,NA,NA,3.12,NA,1944.14537795993,-1.99582989402101
"CityofMadison","CityofMadison",1944-04-25,NA,NA,3.5,NA,1944.31477686703,-1.96814468531699
"CityofMadison","CityofMadison",1944-06-26,NA,NA,1.13,NA,1944.48417577413,-2.14081296065525
"CityofMadison","CityofMadison",1944-07-28,NA,NA,4,NA,1944.57160746812,-1.93171677912748
"CityofMadison","CityofMadison",1944-08-10,NA,NA,1.375,NA,1944.60712659381,-2.12296328662239
"CityofMadison","CityofMadison",1944-09-12,NA,NA,2.5,NA,1944.69729052823,-2.041000497696
"CityofMadison","CityofMadison",1944-10-24,NA,NA,2.5,NA,1944.81204462659,-2.041000497696
"CityofMadison","CityofMadison",1944-11-28,NA,NA,1.88,NA,1944.90767304189,-2.08617110137099
"CityofMadison","CityofMadison",1945-01-22,NA,NA,3.15,NA,1945.05810502283,-1.99364421964964
"CityofMadison","CityofMadison",1945-04-23,NA,NA,3.75,NA,1945.30742009132,-1.94993073222223
"CityofMadison","CityofMadison",1945-05-28,NA,NA,2.5,NA,1945.40331050228,-2.041000497696
"CityofMadison","CityofMadison",1945-06-19,NA,NA,3.76,NA,1945.46358447489,-1.94920217409844
"CityofMadison","CityofMadison",1945-07-19,NA,NA,4.2,NA,1945.54577625571,-1.91714561665168
"CityofMadison","CityofMadison",1945-08-22,NA,NA,2.75,NA,1945.63892694064,-2.02278654460125
"CityofMadison","CityofMadison",1945-09-19,NA,NA,4.38,NA,1945.71563926941,-1.90403157042346
"CityofMadison","CityofMadison",1945-10-22,NA,NA,2.88,NA,1945.80616438356,-2.01331528899197
"CityofMadison","CityofMadison",1945-11-26,NA,NA,3.5,NA,1945.90205479452,-1.96814468531699
"CityofMadison","CityofMadison",1945-12-12,NA,NA,1.88,NA,1945.94589041096,-2.08617110137099
"CityofMadison","CityofMadison",1946-01-14,NA,NA,5.425,NA,1946.03630136986,-1.82789724648739
"CityofMadison","CityofMadison",1946-03-13,NA,NA,2.375,NA,1946.19520547945,-2.05010747424338
"CityofMadison","CityofMadison",1946-04-24,NA,NA,2.25,NA,1946.3102739726,-2.05921445079075
"CityofMadison","CityofMadison",1946-05-27,NA,NA,3,NA,1946.40057077626,-2.00457259150649
"CityofMadison","CityofMadison",1946-06-25,NA,NA,4.25,NA,1946.48002283105,-1.91350282603273
"CityofMadison","CityofMadison",1946-07-16,NA,NA,3.75,NA,1946.53755707763,-1.94993073222223
"CityofMadison","CityofMadison",1946-08-22,NA,NA,2.5,NA,1946.63892694064,-2.041000497696
"CityofMadison","CityofMadison",1946-09-10,NA,NA,3.125,NA,1946.69098173516,-1.99546561495912
"CityofMadison","CityofMadison",1946-10-23,NA,NA,5,NA,1946.80890410959,-1.85886096674847
"CityofMadison","CityofMadison",1946-11-26,NA,NA,1.875,NA,1946.90205479452,-2.08653538043288
"CityofMadison","CityofMadison",1946-12-11,NA,NA,1.875,NA,1946.94315068493,-2.08653538043288
"CityofMadison","CityofMadison",1947-01-20,NA,NA,2.75,NA,1947.05273972603,-2.02278654460125
"CityofMadison","CityofMadison",1947-03-28,NA,NA,4.125,NA,1947.23630136986,-1.9226098025801
"CityofMadison","CityofMadison",1947-05-27,NA,NA,2.88,NA,1947.40057077626,-2.01331528899197
"CityofMadison","CityofMadison",1947-06-26,NA,NA,2.125,NA,1947.48276255708,-2.06832142733813
"CityofMadison","CityofMadison",1947-07-30,NA,NA,3.79,NA,1947.57591324201,-1.94701649972707
"CityofMadison","CityofMadison",1947-08-21,NA,NA,3.03,NA,1947.63618721461,-2.00238691713512
"CityofMadison","CityofMadison",1947-09-11,NA,NA,3.79,NA,1947.69372146119,-1.94701649972707
"CityofMadison","CityofMadison",1947-10-23,NA,NA,3.033,NA,1947.80890410959,-2.00216834969799
"CityofMadison","CityofMadison",1947-11-25,NA,NA,1.52,NA,1947.89931506849,-2.11239919382743
"CityofMadison","CityofMadison",1948-01-30,NA,NA,4.55,NA,1948.07991803279,-1.89164608231902
"CityofMadison","CityofMadison",1948-02-20,NA,NA,4.85,NA,1948.13729508197,-1.86978933860532
"CityofMadison","CityofMadison",1948-03-30,NA,NA,4.55,NA,1948.24385245902,-1.89164608231902
"CityofMadison","CityofMadison",1948-04-22,NA,NA,2.27,NA,1948.30669398907,-2.05775733454317
"CityofMadison","CityofMadison",1948-05-26,NA,NA,4.54,NA,1948.39947632058,-1.89237464044281
"CityofMadison","CityofMadison",1948-06-29,NA,NA,2.27,NA,1948.49237249545,-2.05775733454317
"CityofMadison","CityofMadison",1948-07-28,NA,NA,4.55,NA,1948.57160746812,-1.89164608231902
"CityofMadison","CityofMadison",1948-08-13,NA,NA,4.55,NA,1948.61532331512,-1.89164608231902
"CityofMadison","CityofMadison",1948-09-28,NA,NA,3.79,NA,1948.74112021858,-1.94701649972707
"CityofMadison","CityofMadison",1948-10-27,NA,NA,1.67,NA,1948.82035519126,-2.10147082197058
"CityofMadison","CityofMadison",1948-11-24,NA,NA,3.03,NA,1948.8968579235,-2.00238691713512
"CityofMadison","CityofMadison",1948-12-23,NA,NA,4.55,NA,1948.97609289617,-1.89164608231902
"CityofMadison","CityofMadison",1949-02-03,NA,NA,6.06,NA,1949.09109589041,-1.78163380562671
"CityofMadison","CityofMadison",1949-03-29,NA,NA,0.759,NA,1949.23904109589,-2.16784246704786
"CityofMadison","CityofMadison",1949-04-27,NA,NA,3.8,NA,1949.31837899543,-1.94628794160328
"CityofMadison","CityofMadison",1949-05-18,NA,NA,1.5,NA,1949.37591324201,-2.11385631007501
"CityofMadison","CityofMadison",1949-06-28,NA,NA,6.06,NA,1949.48824200913,-1.78163380562671
"CityofMadison","CityofMadison",1949-07-26,NA,NA,1.21,NA,1949.5649543379,-2.13498449566493
"CityofMadison","CityofMadison",1949-08-30,NA,NA,6.06,NA,1949.66084474886,-1.78163380562671
"CityofMadison","CityofMadison",1949-10-27,NA,NA,9.1,NA,1949.8198630137,-1.56015213599452
"CityofMadison","CityofMadison",1949-12-20,NA,NA,8.35,NA,1949.96780821918,-1.61479399527877
"Richard C. Lathrop","WI_DNR",1957-07-01,NA,NA,6,NA,1957.49646118721,-1.78600515436945
"Richard C. Lathrop","WI_DNR",1958-07-01,NA,NA,6,NA,1958.49646118721,-1.78600515436945
"Richard C. Lathrop","WI_DNR",1962-07-01,NA,NA,6,NA,1962.49657534247,-1.78600515436945
"Richard C. Lathrop","WI_DNR",1963-07-01,NA,NA,6,NA,1963.49646118721,-1.78600515436945
"Richard C. Lathrop","WI_DNR",1964-07-01,NA,NA,7,NA,1964.49795081967,-1.71314934199044
"Richard C. Lathrop","WI_DNR",1965-07-01,NA,NA,8,NA,1965.49657534247,-1.64029352961143
"Richard C. Lathrop","WI_DNR",1966-07-01,NA,NA,8,NA,1966.49646118721,-1.64029352961143
"Richard C. Lathrop","WI_DNR",1967-07-01,NA,NA,9,NA,1967.49646118721,-1.56743771723242
"Richard C. Lathrop","WI_DNR",1968-07-01,NA,NA,9,NA,1968.49783697632,-1.56743771723242
"Richard C. Lathrop","WI_DNR",1969-07-01,NA,NA,10,NA,1969.49646118721,-1.4945819048534
"Richard C. Lathrop","WI_DNR",1970-07-01,NA,NA,11,NA,1970.49646118721,-1.42172609247439
"Richard C. Lathrop","WI_DNR",1971-07-01,NA,NA,13,NA,1971.49646118721,-1.27601446771637
"Richard C. Lathrop","WI_DNR",1972-07-01,NA,NA,13,NA,1972.49783697632,-1.27601446771637
"CityofMadison","CityofMadison",1973-03-01,NA,NA,13.5,NA,1973.16232876712,-1.23958656152686
"CityofMadison","CityofMadison",1973-04-01,NA,NA,14,NA,1973.24726027397,-1.20315865533735
"CityofMadison","CityofMadison",1973-05-01,NA,NA,14.5,NA,1973.32933789954,-1.16673074914785
"CityofMadison","CityofMadison",1973-10-01,NA,NA,14.5,NA,1973.74851598174,-1.16673074914785
"CityofMadison","CityofMadison",1974-02-01,NA,NA,18.5,NA,1974.08561643836,-0.875307499631795
"CityofMadison","CityofMadison",1974-03-01,NA,NA,10.5,NA,1974.16232876712,-1.4581539986639
"CityofMadison","CityofMadison",1974-04-01,NA,NA,14.2,NA,1974.24726027397,-1.18858749286155
"CityofMadison","CityofMadison",1974-05-01,NA,NA,13.5,NA,1974.32933789954,-1.23958656152686
"CityofMadison","CityofMadison",1974-06-01,NA,NA,15,NA,1974.41426940639,-1.13030284295834
"CityofMadison","CityofMadison",1974-07-01,NA,NA,15.5,NA,1974.49646118721,-1.09387493676883
"CityofMadison","CityofMadison",1974-09-01,NA,NA,15,NA,1974.66632420091,-1.13030284295834
"CityofMadison","CityofMadison",1974-10-01,NA,NA,15,NA,1974.74851598174,-1.13030284295834
"CityofMadison","CityofMadison",1974-12-01,NA,NA,15.8,NA,1974.91575342466,-1.07201819305513
"CityofMadison","CityofMadison",1975-01-02,NA,NA,16,NA,1975.00342465753,-1.05744703057933
"CityofMadison","CityofMadison",1975-02-03,NA,NA,15.8,NA,1975.09109589041,-1.07201819305513
"CityofMadison","CityofMadison",1975-03-05,NA,NA,16,NA,1975.17328767123,-1.05744703057933
"CityofMadison","CityofMadison",1975-03-28,NA,NA,13,NA,1975.23630136986,-1.27601446771637
"CityofMadison","CityofMadison",1975-04-04,NA,NA,10,NA,1975.25547945205,-1.4945819048534
"CityofMadison","CityofMadison",1975-04-18,NA,NA,9,NA,1975.29383561644,-1.56743771723242
"CityofMadison","CityofMadison",1975-05-02,NA,NA,16,NA,1975.33207762557,-1.05744703057933
"CityofMadison","CityofMadison",1975-06-17,NA,NA,15.5,NA,1975.45810502283,-1.09387493676883
"CityofMadison","CityofMadison",1975-07-01,NA,NA,15,NA,1975.49646118721,-1.13030284295834
"CityofMadison","CityofMadison",1975-08-07,NA,NA,15.5,NA,1975.59783105023,-1.09387493676883
"CityofMadison","CityofMadison",1975-08-28,NA,NA,15,NA,1975.6553652968,-1.13030284295834
"CityofMadison","CityofMadison",1975-09-02,NA,NA,15.5,NA,1975.66906392694,-1.09387493676883
"CityofMadison","CityofMadison",1975-10-06,NA,NA,15,NA,1975.76221461187,-1.13030284295834
"CityofMadison","CityofMadison",1975-11-05,NA,NA,15.8,NA,1975.84452054795,-1.07201819305513
"CityofMadison","CityofMadison",1975-12-01,NA,NA,15.8,NA,1975.91575342466,-1.07201819305513
"CityofMadison","CityofMadison",1976-01-02,NA,NA,15.2,NA,1976.00341530055,-1.11573168048254
"CityofMadison","CityofMadison",1976-02-04,NA,NA,17,NA,1976.09357923497,-0.984591218200314
"CityofMadison","CityofMadison",1976-03-01,NA,NA,14,NA,1976.16461748634,-1.20315865533735
"CityofMadison","CityofMadison",1976-04-02,NA,NA,15.2,NA,1976.25204918033,-1.11573168048254
"CityofMadison","CityofMadison",1976-05-04,NA,NA,14.5,NA,1976.33936703097,-1.16673074914785
"CityofMadison","CityofMadison",1976-06-02,NA,NA,15.5,NA,1976.41860200364,-1.09387493676883
"CityofMadison","CityofMadison",1976-07-01,NA,NA,16,NA,1976.49783697632,-1.05744703057933
"CityofMadison","CityofMadison",1976-08-01,NA,NA,15.5,NA,1976.58253642987,-1.09387493676883
"CityofMadison","CityofMadison",1976-09-01,NA,NA,16,NA,1976.66723588342,-1.05744703057933
"CityofMadison","CityofMadison",1976-10-01,NA,NA,16,NA,1976.74920309654,-1.05744703057933
"CityofMadison","CityofMadison",1976-11-01,NA,NA,15,NA,1976.83401639344,-1.13030284295834
"CityofMadison","CityofMadison",1976-12-01,NA,NA,19,NA,1976.91598360656,-0.838879593442289
"CityofMadison","CityofMadison",1977-01-04,NA,NA,18,NA,1977.00890410959,-0.911735405821302
"CityofMadison","CityofMadison",1977-02-02,NA,NA,19,NA,1977.08835616438,-0.838879593442289
"CityofMadison","CityofMadison",1977-03-01,NA,NA,16,NA,1977.16232876712,-1.05744703057933
"CityofMadison","CityofMadison",1977-04-01,NA,NA,16,NA,1977.24726027397,-1.05744703057933
"CityofMadison","CityofMadison",1977-05-04,NA,NA,16,NA,1977.33755707763,-1.05744703057933
"CityofMadison","CityofMadison",1977-06-01,NA,NA,16,NA,1977.41426940639,-1.05744703057933
"CityofMadison","CityofMadison",1977-07-01,NA,NA,15,NA,1977.49646118721,-1.13030284295834
"CityofMadison","CityofMadison",1977-08-01,NA,NA,13.5,NA,1977.58139269406,-1.23958656152686
"CityofMadison","CityofMadison",1977-09-01,NA,NA,16,NA,1977.66632420091,-1.05744703057933
"CityofMadison","CityofMadison",1977-10-01,NA,NA,16,NA,1977.74851598174,-1.05744703057933
"CityofMadison","CityofMadison",1977-11-01,NA,NA,16,NA,1977.83356164384,-1.05744703057933
"CityofMadison","CityofMadison",1977-12-01,NA,NA,18,NA,1977.91575342466,-0.911735405821302
"CityofMadison","CityofMadison",1978-01-01,NA,NA,20,NA,1978.00068493151,-0.766023781063276
"CityofMadison","CityofMadison",1978-02-01,NA,NA,18,NA,1978.08561643836,-0.911735405821302
"CityofMadison","CityofMadison",1978-03-01,NA,NA,20,NA,1978.16232876712,-0.766023781063276
"CityofMadison","CityofMadison",1978-04-01,NA,NA,12,NA,1978.24726027397,-1.34887028009538
"CityofMadison","CityofMadison",1978-05-01,NA,NA,18,NA,1978.32933789954,-0.911735405821302
"CityofMadison","CityofMadison",1978-06-01,NA,NA,17,NA,1978.41426940639,-0.984591218200314
"CityofMadison","CityofMadison",1978-07-01,NA,NA,18,NA,1978.49646118721,-0.911735405821302
"CityofMadison","CityofMadison",1978-08-01,NA,NA,15,NA,1978.58139269406,-1.13030284295834
"CityofMadison","CityofMadison",1978-09-01,NA,NA,23,NA,1978.66632420091,-0.547456343926238
"CityofMadison","CityofMadison",1978-10-01,NA,NA,35,NA,1978.74851598174,0.326813404621915
"CityofMadison","CityofMadison",1978-11-01,NA,NA,18,NA,1978.83356164384,-0.911735405821302
"CityofMadison","CityofMadison",1978-12-01,NA,NA,16.5,NA,1978.91575342466,-1.02101912438982
"CityofMadison","CityofMadison",1979-01-01,NA,NA,16,NA,1979.00068493151,-1.05744703057933
"CityofMadison","CityofMadison",1979-02-01,NA,NA,17.8,NA,1979.08561643836,-0.926306568297104
"CityofMadison","CityofMadison",1979-03-01,NA,NA,17.5,NA,1979.16232876712,-0.948163312010808
"CityofMadison","CityofMadison",1979-04-01,NA,NA,13.5,NA,1979.24726027397,-1.23958656152686
"CityofMadison","CityofMadison",1979-05-01,NA,NA,16.8,NA,1979.32933789954,-0.999162380676117
"CityofMadison","CityofMadison",1979-06-01,NA,NA,17.4,NA,1979.41426940639,-0.95544889324871
"CityofMadison","CityofMadison",1979-07-01,NA,NA,15.9,NA,1979.49646118721,-1.06473261181723
"CityofMadison","CityofMadison",1979-08-01,NA,NA,16.7,NA,1979.58139269406,-1.00644796191402
"CityofMadison","CityofMadison",1979-09-01,NA,NA,16.8,NA,1979.66632420091,-0.999162380676117
"CityofMadison","CityofMadison",1979-10-01,NA,NA,16.7,NA,1979.74851598174,-1.00644796191402
"CityofMadison","CityofMadison",1979-11-01,NA,NA,16.9,NA,1979.83356164384,-0.991876799438216
"CityofMadison","CityofMadison",1979-12-01,NA,NA,16.8,NA,1979.91575342466,-0.999162380676117
"CityofMadison","CityofMadison",1980-01-01,NA,NA,17.6,NA,1980.00068306011,-0.940877730772907
"CityofMadison","CityofMadison",1980-02-01,NA,NA,17.9,NA,1980.08538251366,-0.919020987059203
"CityofMadison","CityofMadison",1980-03-01,NA,NA,17.9,NA,1980.16461748634,-0.919020987059203
"CityofMadison","CityofMadison",1980-04-01,NA,NA,22,NA,1980.24931693989,-0.620312156305251
"CityofMadison","CityofMadison",1980-05-01,NA,NA,19,NA,1980.33117030965,-0.838879593442289
"CityofMadison","CityofMadison",1980-06-01,NA,NA,18,NA,1980.41586976321,-0.911735405821302
"CityofMadison","CityofMadison",1980-07-01,NA,NA,19,NA,1980.49783697632,-0.838879593442289
"CityofMadison","CityofMadison",1980-08-01,NA,NA,17,NA,1980.58253642987,-0.984591218200314
"CityofMadison","CityofMadison",1980-09-01,NA,NA,17,NA,1980.66723588342,-0.984591218200314
"CityofMadison","CityofMadison",1980-10-01,NA,NA,18,NA,1980.74920309654,-0.911735405821302
"CityofMadison","CityofMadison",1980-11-01,NA,NA,18.7,NA,1980.83401639344,-0.860736337155993
"CityofMadison","CityofMadison",1980-12-01,NA,NA,18.7,NA,1980.91598360656,-0.860736337155993
"CityofMadison","CityofMadison",1981-01-01,NA,NA,19.8,NA,1981.00068493151,-0.780594943539079
"CityofMadison","CityofMadison",1981-02-01,NA,NA,19.7,NA,1981.08561643836,-0.78788052477698
"CityofMadison","CityofMadison",1981-03-01,NA,NA,17.1,NA,1981.16232876712,-0.977305636962413
"CityofMadison","CityofMadison",1981-04-01,NA,NA,19.1,NA,1981.24726027397,-0.831594012204388
"CityofMadison","CityofMadison",1981-05-01,NA,NA,18.2,NA,1981.32933789954,-0.897164243345499
"CityofMadison","CityofMadison",1981-06-01,NA,NA,19,NA,1981.41426940639,-0.838879593442289
"CityofMadison","CityofMadison",1981-07-01,NA,NA,19,NA,1981.49646118721,-0.838879593442289
"CityofMadison","CityofMadison",1981-08-01,NA,NA,18.5,NA,1981.58139269406,-0.875307499631795
"CityofMadison","CityofMadison",1981-11-01,NA,NA,17.5,NA,1981.83356164384,-0.948163312010808
"CityofMadison","CityofMadison",1981-12-01,NA,NA,19,NA,1981.91575342466,-0.838879593442289
"CityofMadison","CityofMadison",1982-01-20,NA,NA,20,NA,1982.05273972603,-0.766023781063276
"CityofMadison","CityofMadison",1982-02-02,NA,NA,20.5,NA,1982.08835616438,-0.72959587487377
"CityofMadison","CityofMadison",1982-03-02,NA,NA,20.5,NA,1982.16506849315,-0.72959587487377
"CityofMadison","CityofMadison",1982-04-06,NA,NA,26,NA,1982.26095890411,-0.3288889067892
"CityofMadison","CityofMadison",1982-05-03,NA,NA,20.5,NA,1982.3348173516,-0.72959587487377
"CityofMadison","CityofMadison",1982-06-01,NA,NA,19.5,NA,1982.41426940639,-0.802451687252783
"CityofMadison","CityofMadison",1982-07-06,NA,NA,19.5,NA,1982.51015981735,-0.802451687252783
"CityofMadison","CityofMadison",1982-08-02,NA,NA,19.5,NA,1982.58413242009,-0.802451687252783
"CityofMadison","CityofMadison",1982-10-04,NA,NA,19.8,NA,1982.75673515982,-0.780594943539079
"CityofMadison","CityofMadison",1982-11-01,NA,NA,19,NA,1982.83356164384,-0.838879593442289
"CityofMadison","CityofMadison",1982-12-02,NA,NA,18,NA,1982.91849315068,-0.911735405821302
"CityofMadison","CityofMadison",1983-01-01,NA,NA,14,NA,1983.00068493151,-1.20315865533735
"CityofMadison","CityofMadison",1983-02-01,NA,NA,20.5,NA,1983.08561643836,-0.72959587487377
"CityofMadison","CityofMadison",1983-03-01,NA,NA,18,NA,1983.16232876712,-0.911735405821302
"CityofMadison","CityofMadison",1983-04-01,NA,NA,19.5,NA,1983.24726027397,-0.802451687252783
"CityofMadison","CityofMadison",1983-05-01,NA,NA,20.5,NA,1983.32933789954,-0.72959587487377
"CityofMadison","CityofMadison",1983-06-01,NA,NA,19,NA,1983.41426940639,-0.838879593442289
"CityofMadison","CityofMadison",1983-07-01,NA,NA,18,NA,1983.49646118721,-0.911735405821302
"CityofMadison","CityofMadison",1983-08-01,NA,NA,20,NA,1983.58139269406,-0.766023781063276
"CityofMadison","CityofMadison",1983-09-01,NA,NA,20,NA,1983.66632420091,-0.766023781063276
"CityofMadison","CityofMadison",1983-10-01,NA,NA,21.2,NA,1983.74851598174,-0.678596806208461
"CityofMadison","CityofMadison",1983-11-01,NA,NA,20.5,NA,1983.83356164384,-0.72959587487377
"CityofMadison","CityofMadison",1983-12-01,NA,NA,20,NA,1983.91575342466,-0.766023781063276
"CityofMadison","CityofMadison",1984-01-01,NA,NA,21,NA,1984.00068306011,-0.693167968684264
"CityofMadison","CityofMadison",1984-02-01,NA,NA,22,NA,1984.08538251366,-0.620312156305251
"CityofMadison","CityofMadison",1984-03-01,NA,NA,18,NA,1984.16461748634,-0.911735405821302
"CityofMadison","CityofMadison",1984-04-01,NA,NA,17.5,NA,1984.24931693989,-0.948163312010808
"CityofMadison","CityofMadison",1984-05-01,NA,NA,20.8,NA,1984.33117030965,-0.707739131160066
"CityofMadison","CityofMadison",1984-06-01,NA,NA,20,NA,1984.41586976321,-0.766023781063276
"CityofMadison","CityofMadison",1984-07-01,NA,NA,19,NA,1984.49783697632,-0.838879593442289
"CityofMadison","CityofMadison",1984-08-01,NA,NA,19,NA,1984.58253642987,-0.838879593442289
"CityofMadison","CityofMadison",1984-09-01,NA,NA,20,NA,1984.66723588342,-0.766023781063276
"CityofMadison","CityofMadison",1984-10-01,NA,NA,20,NA,1984.74920309654,-0.766023781063276
"CityofMadison","CityofMadison",1984-11-01,NA,NA,19,NA,1984.83401639344,-0.838879593442289
"CityofMadison","CityofMadison",1984-12-01,NA,NA,20,NA,1984.91598360656,-0.766023781063276
"CityofMadison","CityofMadison",1985-01-01,NA,NA,20,NA,1985.00068493151,-0.766023781063276
"CityofMadison","CityofMadison",1985-02-01,NA,NA,21,NA,1985.08561643836,-0.693167968684264
"CityofMadison","CityofMadison",1985-03-01,NA,NA,20,NA,1985.16232876712,-0.766023781063276
"CityofMadison","CityofMadison",1985-04-01,NA,NA,20,NA,1985.24726027397,-0.766023781063276
"CityofMadison","CityofMadison",1985-05-01,NA,NA,20,NA,1985.32933789954,-0.766023781063276
"CityofMadison","CityofMadison",1985-06-01,NA,NA,22,NA,1985.41426940639,-0.620312156305251
"CityofMadison","CityofMadison",1985-07-01,NA,NA,21,NA,1985.49646118721,-0.693167968684264
"CityofMadison","CityofMadison",1985-08-01,NA,NA,21,NA,1985.58139269406,-0.693167968684264
"CityofMadison","CityofMadison",1985-09-01,NA,NA,22,NA,1985.66632420091,-0.620312156305251
"CityofMadison","CityofMadison",1985-10-01,NA,NA,20,NA,1985.74851598174,-0.766023781063276
"CityofMadison","CityofMadison",1985-11-01,NA,NA,21,NA,1985.83356164384,-0.693167968684264
"CityofMadison","CityofMadison",1985-12-01,NA,NA,20,NA,1985.91575342466,-0.766023781063276
"CityofMadison","CityofMadison",1986-01-01,NA,NA,24,NA,1986.00068493151,-0.474600531547225
"CityofMadison","CityofMadison",1986-02-01,NA,NA,24,NA,1986.08561643836,-0.474600531547225
"CityofMadison","CityofMadison",1986-03-01,NA,NA,23,NA,1986.16232876712,-0.547456343926238
"CityofMadison","CityofMadison",1986-04-01,NA,NA,22,NA,1986.24726027397,-0.620312156305251
"CityofMadison","CityofMadison",1986-05-01,NA,NA,23,NA,1986.32933789954,-0.547456343926238
"CityofMadison","CityofMadison",1986-06-01,NA,NA,22,NA,1986.41426940639,-0.620312156305251
"CityofMadison","CityofMadison",1986-07-01,NA,NA,23,NA,1986.49646118721,-0.547456343926238
"CityofMadison","CityofMadison",1986-08-01,NA,NA,21,NA,1986.58139269406,-0.693167968684264
"CityofMadison","CityofMadison",1986-09-01,NA,NA,21,NA,1986.66632420091,-0.693167968684264
"CityofMadison","CityofMadison",1986-10-01,NA,NA,23,NA,1986.74851598174,-0.547456343926238
"CityofMadison","CityofMadison",1986-11-01,NA,NA,22,NA,1986.83356164384,-0.620312156305251
"CityofMadison","CityofMadison",1986-12-01,NA,NA,19,NA,1986.91575342466,-0.838879593442289
"CityofMadison","CityofMadison",1987-01-05,NA,NA,22,NA,1987.01164383562,-0.620312156305251
"CityofMadison","CityofMadison",1987-02-02,NA,NA,24,NA,1987.08835616438,-0.474600531547225
"CityofMadison","CityofMadison",1987-03-02,NA,NA,23,NA,1987.16506849315,-0.547456343926238
"CityofMadison","CityofMadison",1987-04-08,NA,NA,24,NA,1987.26632420091,-0.474600531547225
"CityofMadison","CityofMadison",1987-05-04,NA,NA,25,NA,1987.33755707763,-0.401744719168213
"CityofMadison","CityofMadison",1987-06-01,NA,NA,25,NA,1987.41426940639,-0.401744719168213
"CityofMadison","CityofMadison",1987-07-01,NA,NA,22,NA,1987.49646118721,-0.620312156305251
"CityofMadison","CityofMadison",1987-08-03,NA,NA,23,NA,1987.58687214612,-0.547456343926238
"CityofMadison","CityofMadison",1987-09-01,NA,NA,23,NA,1987.66632420091,-0.547456343926238
"CityofMadison","CityofMadison",1987-10-01,NA,NA,24,NA,1987.74851598174,-0.474600531547225
"CityofMadison","CityofMadison",1987-11-01,NA,NA,28,NA,1987.83356164384,-0.183177282031174
"CityofMadison","CityofMadison",1987-12-01,NA,NA,25,NA,1987.91575342466,-0.401744719168213
"CityofMadison","CityofMadison",1988-01-01,NA,NA,25.2,NA,1988.00068306011,-0.38717355669241
"CityofMadison","CityofMadison",1988-02-01,NA,NA,28.6,NA,1988.08538251366,-0.139463794603767
"CityofMadison","CityofMadison",1988-03-01,NA,NA,26.7,NA,1988.16461748634,-0.277889838123891
"CityofMadison","CityofMadison",1988-04-01,NA,NA,24.5,NA,1988.24931693989,-0.438172625357719
"CityofMadison","CityofMadison",1988-05-01,NA,NA,24.3,NA,1988.33117030965,-0.452743787833521
"CityofMadison","CityofMadison",1988-06-01,NA,NA,26.5,NA,1988.41586976321,-0.292461000599693
"CityofMadison","CityofMadison",1988-07-01,NA,NA,25.3,NA,1988.49783697632,-0.379887975454509
"CityofMadison","CityofMadison",1988-08-01,NA,NA,25.9,NA,1988.58253642987,-0.336174488027101
"Wisconsin Department of Natural Resources","WIDNR_WQX-10001207",1988-08-01,0,11,26,22,1988.58253642987,-0.3288889067892
"CityofMadison","CityofMadison",1988-09-01,NA,NA,27.5,NA,1988.66723588342,-0.219605188220681
"CityofMadison","CityofMadison",1988-10-01,NA,NA,26.2,NA,1988.74920309654,-0.314317744313397
"Wisconsin Department of Natural Resources","WIDNR_WQX-10001207",1988-10-12,0,11,26,23.3,1988.77925774135,-0.3288889067892
"CityofMadison","CityofMadison",1988-11-01,NA,NA,23.8,NA,1988.83401639344,-0.489171694023028
"CityofMadison","CityofMadison",1988-12-01,NA,NA,23.6,NA,1988.91598360656,-0.50374285649883
"CityofMadison","CityofMadison",1989-01-01,NA,NA,26.4,NA,1989.00068493151,-0.299746581837595
"Wisconsin Department of Natural Resources","WIDNR_WQX-10001207",1989-01-23,1,12,27,22.9,1989.06095890411,-0.256033094410187
"CityofMadison","CityofMadison",1989-02-01,NA,NA,26.4,NA,1989.08561643836,-0.299746581837595
"CityofMadison","CityofMadison",1989-03-01,NA,NA,30.2,NA,1989.16232876712,-0.0228944947973463
"CityofMadison","CityofMadison",1989-04-01,NA,NA,27.4,NA,1989.24726027397,-0.226890769458582
"Wisconsin Department of Natural Resources","WIDNR_WQX-10001207",1989-04-24,0,12,27,22.7,1989.31015981735,-0.256033094410187
"CityofMadison","CityofMadison",1989-05-01,NA,NA,27.6,NA,1989.32933789954,-0.212319606982779
"CityofMadison","CityofMadison",1989-06-01,NA,NA,27.2,NA,1989.41426940639,-0.241461931934385
"CityofMadison","CityofMadison",1989-07-01,NA,NA,27.4,NA,1989.49646118721,-0.226890769458582
"Wisconsin Department of Natural Resources","WIDNR_WQX-10001207",1989-07-17,NA,12,27,22.4,1989.54029680365,-0.256033094410187
"Wisconsin Department of Natural Resources","WIDNR_WQX-10001207",1989-07-17,NA,12,27,22.7,1989.54029680365,-0.256033094410187
"Wisconsin Department of Natural Resources","WIDNR_WQX-10001207",1989-07-17,NA,12,27,22.4,1989.54029680365,-0.256033094410187
"Wisconsin Department of Natural Resources","WIDNR_WQX-10001207",1989-07-17,NA,12,27,22.7,1989.54029680365,-0.256033094410187
"CityofMadison","CityofMadison",1989-08-01,NA,NA,22.6,NA,1989.58139269406,-0.576598668877843
"CityofMadison","CityofMadison",1989-09-01,NA,NA,23.6,NA,1989.66632420091,-0.50374285649883
"CityofMadison","CityofMadison",1989-10-01,NA,NA,25.8,NA,1989.74851598174,-0.343460069265002
"Wisconsin Department of Natural Resources","WIDNR_WQX-10001207",1989-10-08,4,12,27,22.6,1989.76769406393,-0.256033094410187
"Wisconsin Department of Natural Resources","WIDNR_WQX-10001207",1989-10-08,0,12,27,22.6,1989.76769406393,-0.256033094410187
"CityofMadison","CityofMadison",1989-11-01,NA,NA,27.1,NA,1989.83356164384,-0.248747513172286
"CityofMadison","CityofMadison",1989-12-01,NA,NA,29.3,NA,1989.91575342466,-0.0884647259384577
"CityofMadison","CityofMadison",1990-01-01,NA,NA,27.6,NA,1990.00068493151,-0.212319606982779
"Wisconsin Department of Natural Resources","WIDNR_WQX-10001207",1990-01-23,1,13,27,21.7,1990.06095890411,-0.256033094410187
"CityofMadison","CityofMadison",1990-02-01,NA,NA,28.2,NA,1990.08561643836,-0.168606119555372
"CityofMadison","CityofMadison",1990-03-01,NA,NA,29.1,NA,1990.16232876712,-0.10303588841426
"CityofMadison","CityofMadison",1990-04-01,NA,NA,26.9,NA,1990.24726027397,-0.263318675648088
"Wisconsin Department of Natural Resources","WIDNR_WQX-10001207",1990-04-23,0,13,28,NA,1990.30742009132,-0.183177282031174
"CityofMadison","CityofMadison",1990-05-01,NA,NA,27.9,NA,1990.32933789954,-0.190462863269076
"Wisconsin Department of Natural Resources","WIDNR_WQX-10001207",1990-05-21,0,13,28,23.5,1990.38413242009,-0.183177282031174
"CityofMadison","CityofMadison",1990-06-01,NA,NA,29.5,NA,1990.41426940639,-0.0738935634626552
"CityofMadison","CityofMadison",1990-07-01,NA,NA,28.2,NA,1990.49646118721,-0.168606119555372
"Wisconsin Department of Natural Resources","WIDNR_WQX-10001207",1990-07-16,0,12,28,22,1990.53755707763,-0.183177282031174
"CityofMadison","CityofMadison",1990-08-01,NA,NA,25.2,NA,1990.58139269406,-0.38717355669241
"CityofMadison","CityofMadison",1990-09-01,NA,NA,27.5,NA,1990.66632420091,-0.219605188220681
"CityofMadison","CityofMadison",1990-11-01,NA,NA,26.2,NA,1990.83356164384,-0.314317744313397
"CityofMadison","CityofMadison",1990-12-01,NA,NA,26.7,NA,1990.91575342466,-0.277889838123891
"CityofMadison","CityofMadison",1991-01-03,NA,NA,30,NA,1991.00616438356,-0.0374656572731488
"Wisconsin Department of Natural Resources","WIDNR_WQX-10001207",1991-01-29,1,13,30,24,1991.07739726027,-0.0374656572731488
"CityofMadison","CityofMadison",1991-02-03,NA,NA,31.7,NA,1991.09109589041,0.0863892237711728
"CityofMadison","CityofMadison",1991-03-03,NA,NA,23.3,NA,1991.16780821918,-0.525599600212534
"CityofMadison","CityofMadison",1991-04-03,NA,NA,28,NA,1991.25273972603,-0.183177282031174
"Wisconsin Department of Natural Resources","WIDNR_WQX-10001207",1991-04-22,0,13,28,24,1991.3046803653,-0.183177282031174
"CityofMadison","CityofMadison",1991-05-03,NA,NA,30.6,NA,1991.3348173516,0.00624783015425892
"CityofMadison","CityofMadison",1991-06-03,NA,NA,31.1,NA,1991.41974885845,0.0426757363437653
"CityofMadison","CityofMadison",1991-07-03,NA,NA,29.1,NA,1991.50194063927,-0.10303588841426
"Wisconsin Department of Natural Resources","WIDNR_WQX-10001207",1991-07-15,0,13,30,22,1991.5348173516,-0.0374656572731488
"CityofMadison","CityofMadison",1991-08-03,NA,NA,29.7,NA,1991.58687214612,-0.0593224009868527
"CityofMadison","CityofMadison",1991-09-03,NA,NA,30.5,NA,1991.67180365297,-0.00103775108364246
"CityofMadison","CityofMadison",1991-10-03,NA,NA,31.3,NA,1991.75399543379,0.0572468988195678
"Wisconsin Department of Natural Resources","WIDNR_WQX-10001207",1991-10-07,0,14,30,22,1991.7649543379,-0.0374656572731488
"CityofMadison","CityofMadison",1991-11-03,NA,NA,29.9,NA,1991.83904109589,-0.0447512385110502
"CityofMadison","CityofMadison",1991-12-03,NA,NA,29,NA,1991.92123287671,-0.110321469652162
"CityofMadison","CityofMadison",1992-01-03,NA,NA,28.9,NA,1992.00614754098,-0.117607050890063
"Wisconsin Department of Natural Resources","WIDNR_WQX-10001207",1992-01-21,0,13,30,23,1992.05532786885,-0.0374656572731488
"CityofMadison","CityofMadison",1992-02-03,NA,NA,30.8,NA,1992.09084699454,0.0208189926300614
"CityofMadison","CityofMadison",1992-03-03,NA,NA,28.5,NA,1992.17008196721,-0.146749375841668
"CityofMadison","CityofMadison",1992-04-03,NA,NA,29.7,NA,1992.25478142077,-0.0593224009868527
"CityofMadison","CityofMadison",1992-05-03,NA,NA,28.6,NA,1992.33663479053,-0.139463794603767
"CityofMadison","CityofMadison",1992-06-03,NA,NA,28.6,NA,1992.42133424408,-0.139463794603767
"CityofMadison","CityofMadison",1992-07-03,NA,NA,32.9,NA,1992.50330145719,0.173816198625988
"Wisconsin Department of Natural Resources","WIDNR_WQX-10001207",1992-07-21,0,14,31,21,1992.55248178506,0.0353901551058639
"CityofMadison","CityofMadison",1992-08-03,NA,NA,32.1,NA,1992.58800091075,0.115531548722778
"CityofMadison","CityofMadison",1992-09-03,NA,NA,31.9,NA,1992.6727003643,0.100960386246975
"CityofMadison","CityofMadison",1992-10-03,NA,NA,30.6,NA,1992.75466757741,0.00624783015425892
"CityofMadison","CityofMadison",1992-11-03,NA,NA,31.4,NA,1992.83948087432,0.0645324800574689
"CityofMadison","CityofMadison",1992-12-03,NA,NA,31.7,NA,1992.92144808743,0.0863892237711728
"Wisconsin Department of Natural Resources","WIDNR_WQX-10001207",1993-01-25,1,NA,32,23,1993.06643835616,0.108245967484877
"CityofMadison","CityofMadison",1993-02-03,NA,NA,31.8,NA,1993.09109589041,0.0936748050090742
"CityofMadison","CityofMadison",1993-03-03,NA,NA,27.2,NA,1993.16780821918,-0.241461931934385
"Wisconsin Department of Natural Resources","WIDNR_WQX-10001207",1993-04-22,0,NA,34,20,1993.3046803653,0.253957592242902
"CityofMadison","CityofMadison",1993-07-03,NA,NA,31.4,NA,1993.50194063927,0.0645324800574689
"Wisconsin Department of Natural Resources","WIDNR_WQX-10001207",1993-07-19,0,NA,32,19,1993.54577625571,0.108245967484877
"CityofMadison","CityofMadison",1993-10-03,NA,NA,32.2,NA,1993.75399543379,0.122817129960679
"Wisconsin Department of Natural Resources","WIDNR_WQX-10001207",1993-10-25,0,NA,31,20,1993.81426940639,0.0353901551058639
"CityofMadison","CityofMadison",1993-11-03,NA,NA,32,NA,1993.83904109589,0.108245967484877
"CityofMadison","CityofMadison",1993-12-03,NA,NA,32.8,NA,1993.92123287671,0.166530617388087
"Wisconsin Department of Natural Resources","WIDNR_WQX-10001207",1994-01-24,1,NA,33.5,21,1994.06369863014,0.217529686053396
"CityofMadison","CityofMadison",1994-02-22,NA,NA,31.8,NA,1994.14315068493,0.0936748050090742
"CityofMadison","CityofMadison",1994-03-17,NA,NA,33.7,NA,1994.20616438356,0.232100848529199
"Wisconsin Department of Natural Resources","WIDNR_WQX-10001207",1994-04-11,0,NA,31.6,NA,1994.274543379,0.0791036425332717
"CityofMadison","CityofMadison",1994-06-07,NA,NA,33.4,NA,1994.43070776256,0.210244104815494
"CityofMadison","CityofMadison",1994-07-26,NA,NA,33.3,NA,1994.5649543379,0.202958523577593
"Wisconsin Department of Natural Resources","WIDNR_WQX-10001207",1994-08-01,100,NA,32.1,20,1994.58139269406,0.115531548722778
"CityofMadison","CityofMadison",1994-08-09,NA,NA,34.2,NA,1994.60331050228,0.268528754718705
"CityofMadison","CityofMadison",1994-09-29,NA,NA,31.9,NA,1994.74303652968,0.100960386246975
"CityofMadison","CityofMadison",1994-10-13,NA,NA,31.7,NA,1994.78139269406,0.0863892237711728
"Wisconsin Department of Natural Resources","WIDNR_WQX-10001207",1994-10-27,0,NA,32.9,18,1994.81974885845,0.173816198625988
"CityofMadison","CityofMadison",1994-11-17,NA,NA,30.9,NA,1994.87739726027,0.0281045738679625
"CityofMadison","CityofMadison",1994-12-19,NA,NA,31.1,NA,1994.96506849315,0.0426757363437653
"Wisconsin Department of Natural Resources","WIDNR_WQX-10001207",1995-01-24,1,NA,33.3,NA,1995.06369863014,0.202958523577593
"CityofMadison","CityofMadison",1996-01-23,NA,NA,34.2,NA,1996.06079234973,0.268528754718705
"LTER","LTER_ME",1996-02-06,1,15.98,32.57,11.07,1996.09904371585,0.149773780540914
"LTER","LTER_ME",1996-02-06,8,14.93,30.96,10.48,1996.09904371585,0.0324759226107035
"LTER","LTER_ME",1996-02-06,8,15.09,30.77,9.89,1996.09904371585,0.018633318258691
"LTER","LTER_ME",1996-02-06,20,17.72,35.38,8.5,1996.09904371585,0.35449861332594
"CityofMadison","CityofMadison",1996-03-04,NA,NA,32.4,NA,1996.17281420765,0.137388292436482
"CityofMadison","CityofMadison",1996-04-10,NA,NA,33.6,NA,1996.27379326047,0.224815267291297
"LTER","LTER_ME",1996-05-01,0,15.36,32.62,17.72,1996.33117030965,0.153416571159864
"LTER","LTER_ME",1996-05-01,0,15.37,32.77,17.81,1996.33117030965,0.164344943016717
"LTER","LTER_ME",1996-05-01,8,15.46,32.42,17.57,1996.33117030965,0.138845408684062
"LTER","LTER_ME",1996-05-01,20,15.4,32.33,17.51,1996.33117030965,0.132288385569951
"CityofMadison","CityofMadison",1996-05-13,NA,NA,33.8,NA,1996.3639571949,0.239386429767099
"CityofMadison","CityofMadison",1996-06-27,NA,NA,31.8,NA,1996.48690801457,0.0936748050090742
"LTER","LTER_ME",1996-08-05,0,15.21,32.76,18.23,1996.59346539162,0.163616384892926
"LTER","LTER_ME",1996-08-05,4,15.21,31.86,18.28,1996.59346539162,0.0980461537518148
"LTER","LTER_ME",1996-08-05,8,15.12,31.78,17.82,1996.59346539162,0.0922176887614939
"LTER","LTER_ME",1996-08-05,12,15.91,33.23,18.53,1996.59346539162,0.197858616711062
"LTER","LTER_ME",1996-08-05,16,15.78,33.18,18.38,1996.59346539162,0.194215826092112
"LTER","LTER_ME",1996-08-05,16,16.04,33.03,18.16,1996.59346539162,0.18328745423526
"LTER","LTER_ME",1996-08-05,20,16.2,32.95,17.48,1996.59346539162,0.177458989244939
"CityofMadison","CityofMadison",1996-09-24,NA,NA,33.7,NA,1996.73007741348,0.232100848529199
"LTER","LTER_ME",1996-11-08,0,15.67,34.24,19.45,1996.8531420765,0.271442987213865
"LTER","LTER_ME",1996-11-08,4,15.98,36.88,20.9,1996.8531420765,0.463782331894459
"LTER","LTER_ME",1996-11-08,8,15.95,33.9,19.35,1996.8531420765,0.246672011005001
"LTER","LTER_ME",1996-11-08,20,15.98,35.64,19.95,1996.8531420765,0.373441124544483
"CityofMadison","CityofMadison",1996-11-26,NA,NA,35.9,NA,1996.90232240437,0.392383635763026
"CityofMadison","CityofMadison",1996-12-16,NA,NA,34.5,NA,1996.95696721311,0.290385498432409
"CityofMadison","CityofMadison",1997-01-08,NA,NA,35.5,NA,1997.0198630137,0.363241310811421
"CityofMadison","CityofMadison",1997-02-06,NA,NA,34.5,NA,1997.09931506849,0.290385498432409
"LTER","LTER_ME",1997-02-17,1,16.64,35.37,21.17,1997.12945205479,0.353770055202149
"LTER","LTER_ME",1997-02-17,8,16.39,34.21,20.65,1997.12945205479,0.269257312842495
"LTER","LTER_ME",1997-02-17,20,18.53,38.61,19.52,1997.12945205479,0.589822887310151
"CityofMadison","CityofMadison",1997-03-12,NA,NA,35.8,NA,1997.19246575342,0.385098054525125
"CityofMadison","CityofMadison",1997-04-04,NA,NA,38,NA,1997.25547945205,0.545380841758953
"LTER","LTER_ME",1997-05-02,0,17.08,36.71,20.6,1997.33207762557,0.451396843790027
"LTER","LTER_ME",1997-05-02,8,17.06,37.21,20.92,1997.33207762557,0.487824749979533
"LTER","LTER_ME",1997-05-02,8,17.28,35.5,19.92,1997.33207762557,0.363241310811421
"LTER","LTER_ME",1997-05-02,20,17.04,37.19,20.98,1997.33207762557,0.486367633731953
"CityofMadison","CityofMadison",1997-05-12,NA,NA,28.9,NA,1997.35947488584,-0.117607050890063
"CityofMadison","CityofMadison",1997-06-23,NA,NA,34.1,NA,1997.474543379,0.261243173480804
"CityofMadison","CityofMadison",1997-07-24,NA,NA,32.8,NA,1997.55947488584,0.166530617388087
"LTER","LTER_ME",1997-08-06,0,16.76,34.38,19.14,1997.5950913242,0.281642800946927
"LTER","LTER_ME",1997-08-06,4,16.65,34.55,19.82,1997.5950913242,0.294028289051359
"LTER","LTER_ME",1997-08-06,8,17.61,35.05,20.71,1997.5950913242,0.330456195240865
"LTER","LTER_ME",1997-08-06,8,19.37,35.19,20.77,1997.5950913242,0.340656008973927
"LTER","LTER_ME",1997-08-06,12,17.47,35.01,19.83,1997.5950913242,0.327541962745705
"LTER","LTER_ME",1997-08-06,16,21.09,38.65,25.41,1997.5950913242,0.592737119805311
"LTER","LTER_ME",1997-08-06,20,18.24,35.11,18.28,1997.5950913242,0.334827543983606
"CityofMadison","CityofMadison",1997-09-30,NA,NA,38.3,NA,1997.74577625571,0.567237585472657
"CityofMadison","CityofMadison",1997-11-11,NA,NA,38.3,NA,1997.86095890411,0.567237585472657
"LTER","LTER_ME",1997-11-30,0,NA,36.29,20.15,1997.91301369863,0.420797402590841
"LTER","LTER_ME",1997-11-30,0,NA,36.02,20.1,1997.91301369863,0.401126333248508
"LTER","LTER_ME",1997-11-30,8,NA,36.13,20.13,1997.91301369863,0.409140472610199
"LTER","LTER_ME",1997-11-30,20,NA,36.82,20.46,1997.91301369863,0.459410983151718
"LTER","LTER_ME",1998-04-24,0,16.58,34.93,19.75,1998.31015981735,0.321713497755384
"LTER","LTER_ME",1998-04-24,4,16.82,35.4,20.1,1998.31015981735,0.35595572957352
"LTER","LTER_ME",1998-04-24,8,17.36,35.92,20.04,1998.31015981735,0.393840752010607
"LTER","LTER_ME",1998-04-24,20,17.51,36.37,20.25,1998.31015981735,0.426625867581162
"CityofMadison","CityofMadison",1998-06-23,NA,NA,33.5,NA,1998.474543379,0.217529686053396
"CityofMadison","CityofMadison",1998-07-15,NA,NA,32.6,NA,1998.5348173516,0.151959454912284
"LTER","LTER_ME",1998-08-02,0,17.22,34.86,19.24,1998.58413242009,0.316613590888853
"LTER","LTER_ME",1998-08-02,4,17.78,34.59,19.2,1998.58413242009,0.29694252154652
"LTER","LTER_ME",1998-08-02,4,16.85,35.4,19.45,1998.58413242009,0.35595572957352
"LTER","LTER_ME",1998-08-02,8,17.01,35.45,19.84,1998.58413242009,0.359598520192471
"LTER","LTER_ME",1998-08-02,12,17.13,35.22,19.38,1998.58413242009,0.342841683345298
"LTER","LTER_ME",1998-08-02,16,17.31,35.33,19.11,1998.58413242009,0.350855822706989
"LTER","LTER_ME",1998-08-02,20,17.24,35.2,17.65,1998.58413242009,0.341384567097718
"CityofMadison","CityofMadison",1998-09-01,NA,NA,32,NA,1998.66632420091,0.108245967484877
"CityofMadison","CityofMadison",1998-10-08,NA,NA,35.1,NA,1998.76769406393,0.334098985859816
"LTER","LTER_ME",1998-10-27,0,16.8,35.55,18.89,1998.8198630137,0.366884101430372
"LTER","LTER_ME",1998-10-27,0,16.5,35.44,15.34,1998.8198630137,0.35886996206868
"LTER","LTER_ME",1998-10-27,8,16.75,34.52,19.11,1998.8198630137,0.291842614679989
"LTER","LTER_ME",1998-10-27,20,17,35.59,15.37,1998.8198630137,0.369798333925533
"CityofMadison","CityofMadison",1998-12-02,NA,NA,32.8,NA,1998.91849315068,0.166530617388087
"LTER","LTER_ME",1999-01-25,1,18.13,36.24,20.18,1999.06643835616,0.417154611971891
"LTER","LTER_ME",1999-01-25,8,18.42,37.37,20.85,1999.06643835616,0.499481679960175
"LTER","LTER_ME",1999-01-25,8,18.86,38.78,20.9,1999.06643835616,0.602208375414583
"LTER","LTER_ME",1999-01-25,20,18.2,40.13,20.86,1999.06643835616,0.70056372212625
"CityofMadison","CityofMadison",1999-02-15,NA,NA,32,NA,1999.12397260274,0.108245967484877
"CityofMadison","CityofMadison",1999-03-04,NA,NA,33.6,NA,1999.17054794521,0.224815267291297
"LTER","LTER_ME",1999-04-12,0,18.93,37.29,20.14,1999.27728310502,0.493653214969854
"LTER","LTER_ME",1999-04-12,0,18.74,36.4,19.68,1999.27728310502,0.428811541952533
"LTER","LTER_ME",1999-04-12,8,18.81,37.06,20.08,1999.27728310502,0.476896378122681
"LTER","LTER_ME",1999-04-12,20,18.5,38.51,20.88,1999.27728310502,0.58253730607225
"CityofMadison","CityofMadison",1999-05-04,NA,NA,34,NA,1999.33755707763,0.253957592242902
"LTER","LTER_ME",1999-07-06,0,18.12,34.85,18.96,1999.51015981735,0.315885032765063
"LTER","LTER_ME",1999-07-06,4,17.64,35.09,19.01,1999.51015981735,0.333370427736026
"LTER","LTER_ME",1999-07-06,8,18.28,34.82,19.02,1999.51015981735,0.313699358393693
"LTER","LTER_ME",1999-07-06,12,18.39,35.29,19.26,1999.51015981735,0.347941590211829
"LTER","LTER_ME",1999-07-06,16,18.72,36.45,19.47,1999.51015981735,0.432454332571484
"LTER","LTER_ME",1999-07-06,16,18.47,35.83,19.34,1999.51015981735,0.387283728896495
"LTER","LTER_ME",1999-07-06,20,18.47,35.63,18.53,1999.51015981735,0.372712566420693
"LTER","LTER_ME",1999-07-06,22,17.96,35.64,18.49,1999.51015981735,0.373441124544483
"CityofMadison","CityofMadison",1999-07-27,NA,NA,32.6,NA,1999.56769406393,0.151959454912284
"CityofMadison","CityofMadison",1999-08-30,NA,NA,33.1,NA,1999.66084474886,0.188387361101791
"LTER","LTER_ME",1999-10-26,0,16.98,35.85,19.07,1999.81700913242,0.388740845144076
"LTER","LTER_ME",1999-10-26,0,17.1,35.97,19.03,1999.81700913242,0.397483542629557
"LTER","LTER_ME",1999-10-26,4,17.35,35.92,19.04,1999.81700913242,0.393840752010607
"LTER","LTER_ME",1999-10-26,20,17.02,35.78,19.02,1999.81700913242,0.383640938277545
"CityofMadison","CityofMadison",1999-10-27,NA,NA,34.2,NA,1999.81974885845,0.268528754718705
"CityofMadison","CityofMadison",1999-12-07,NA,NA,33.9,NA,1999.93219178082,0.246672011005001
"CityofMadison","CityofMadison",2000-01-18,NA,NA,35.6,NA,2000.04713114754,0.370526892049323
"LTER","LTER_ME",2000-01-24,1,16.94,37.07,19.35,2000.06352459016,0.477624936246471
"LTER","LTER_ME",2000-01-24,1,17.02,37.14,19.17,2000.06352459016,0.482724843113002
"LTER","LTER_ME",2000-01-24,8,16.37,36.61,19.15,2000.06352459016,0.444111262552125
"LTER","LTER_ME",2000-01-24,20,16.76,36.4,18.81,2000.06352459016,0.428811541952533
"CityofMadison","CityofMadison",2000-02-28,NA,NA,27.4,NA,2000.15915300546,-0.226890769458582
"LTER","LTER_ME",2000-04-10,0,16.27,36.11,18.62,2000.27379326047,0.407683356362619
"LTER","LTER_ME",2000-04-10,0,16.17,36.11,18.65,2000.27379326047,0.407683356362619
"LTER","LTER_ME",2000-04-10,8,16.31,36.17,18.61,2000.27379326047,0.41205470510536
"LTER","LTER_ME",2000-04-10,20,16.16,36.11,18.74,2000.27379326047,0.407683356362619
"CityofMadison","CityofMadison",2000-04-28,NA,NA,34,NA,2000.32297358834,0.253957592242902
"CityofMadison","CityofMadison",2000-05-26,NA,NA,33.1,NA,2000.39947632058,0.188387361101791
"CityofMadison","CityofMadison",2000-06-27,NA,NA,30.4,NA,2000.48690801457,-0.00832333232154384
"LTER","LTER_ME",2000-07-03,0,15.64,32.08,16.91,2000.50330145719,0.114074432475198
"LTER","LTER_ME",2000-07-03,4,15.51,32.05,16.79,2000.50330145719,0.111888758103827
"LTER","LTER_ME",2000-07-03,4,15.54,31.93,16.76,2000.50330145719,0.103146060618346
"LTER","LTER_ME",2000-07-03,8,15.66,32.14,17,2000.50330145719,0.118445781217938
"LTER","LTER_ME",2000-07-03,12,15.79,32.95,17.2,2000.50330145719,0.177458989244939
"LTER","LTER_ME",2000-07-03,16,16.67,35.1,17.84,2000.50330145719,0.334098985859816
"LTER","LTER_ME",2000-07-03,20,16.9,35.52,17.65,2000.50330145719,0.364698427059002
"LTER","LTER_ME",2000-07-03,22,16.87,35.57,17.31,2000.50330145719,0.368341217677952
"CityofMadison","CityofMadison",2000-07-12,NA,NA,31,NA,2000.52789162113,0.0353901551058639
"CityofMadison","CityofMadison",2000-08-07,NA,NA,30.3,NA,2000.5989298725,-0.015608913559445
"CityofMadison","CityofMadison",2000-09-05,NA,NA,30.7,NA,2000.67816484517,0.01353341139216
"LTER","LTER_ME",2000-10-24,0,16.13,33.21,17.5,2000.81204462659,0.196401500463482
"LTER","LTER_ME",2000-10-24,4,16.4,33.3,17.51,2000.81204462659,0.202958523577593
"LTER","LTER_ME",2000-10-24,4,16.12,33.23,17.47,2000.81204462659,0.197858616711062
"LTER","LTER_ME",2000-10-24,20,16.08,33.2,17.01,2000.81204462659,0.195672942339692
"CityofMadison","CityofMadison",2000-10-30,NA,NA,34.1,NA,2000.82855191257,0.261243173480804
"CityofMadison","CityofMadison",2000-11-28,NA,NA,34.6,NA,2000.90778688525,0.29767107967031
"LTER","LTER_ME",2001-01-17,0,16.83,33.47,17.61,2001.04452054795,0.215344011682025
"LTER","LTER_ME",2001-01-17,0,16.84,33.37,17.59,2001.04452054795,0.208058430444124
"LTER","LTER_ME",2001-01-17,8,15.94,31.94,17.03,2001.04452054795,0.103874618742136
"LTER","LTER_ME",2001-01-17,20,16.4,32.9,16.38,2001.04452054795,0.173816198625988
"CityofMadison","CityofMadison",2001-01-23,NA,NA,36.4,NA,2001.06095890411,0.428811541952533
"CityofMadison","CityofMadison",2001-03-22,NA,NA,34.5,NA,2001.2198630137,0.290385498432409
"CityofMadison","CityofMadison",2001-04-03,NA,NA,31.8,NA,2001.25262557078,0.0936748050090742
"LTER","LTER_ME",2001-04-23,0,16.69,33.42,16.84,2001.30742009132,0.211701221063075
"LTER","LTER_ME",2001-04-23,0,16.78,33.46,16.5,2001.30742009132,0.214615453558235
"LTER","LTER_ME",2001-04-23,8,16.83,33.4,16.61,2001.30742009132,0.210244104815494
"LTER","LTER_ME",2001-04-23,20,16.66,33.48,16.72,2001.30742009132,0.216072569805815
"CityofMadison","CityofMadison",2001-05-30,NA,NA,36.5,NA,2001.40878995434,0.436097123190434
"CityofMadison","CityofMadison",2001-06-26,NA,NA,36,NA,2001.48276255708,0.399669217000928
"CityofMadison","CityofMadison",2001-07-30,NA,NA,36.6,NA,2001.57591324201,0.443382704428335
"LTER","LTER_ME",2001-07-30,0,17.33,33.72,16.04,2001.57591324201,0.233557964776778
"LTER","LTER_ME",2001-07-30,0,16.9,33.47,15.9,2001.57591324201,0.215344011682025
"LTER","LTER_ME",2001-07-30,4,16.89,33.55,15.74,2001.57591324201,0.221172476672346
"LTER","LTER_ME",2001-07-30,6,16.98,33.6,15.92,2001.57591324201,0.224815267291297
"LTER","LTER_ME",2001-07-30,8,16.81,33.38,16.17,2001.57591324201,0.208786988567914
"LTER","LTER_ME",2001-07-30,12,16.73,33.5,15.9,2001.57591324201,0.217529686053396
"LTER","LTER_ME",2001-07-30,16,17.49,34.02,15.3,2001.57591324201,0.255414708490483
"LTER","LTER_ME",2001-07-30,20,16.93,33.71,15.99,2001.57591324201,0.232829406652989
"LTER","LTER_ME",2001-07-30,22,17.06,33.38,14.3,2001.57591324201,0.208786988567914
"LTER","LTER_ME",2001-10-22,0,15.7,32.09,15.4,2001.80605022831,0.114802990598988
"LTER","LTER_ME",2001-10-22,0,15.82,32.12,15.32,2001.80605022831,0.116988664970358
"LTER","LTER_ME",2001-10-22,4,15.87,32.12,15.37,2001.80605022831,0.116988664970358
"LTER","LTER_ME",2001-10-22,20,15.91,32.09,15.52,2001.80605022831,0.114802990598988
"CityofMadison","CityofMadison",2001-10-30,NA,NA,35.1,NA,2001.82808219178,0.334098985859816
"CityofMadison","CityofMadison",2001-11-29,NA,NA,35,NA,2001.9102739726,0.326813404621915
"CityofMadison","CityofMadison",2001-12-11,NA,NA,35,NA,2001.94315068493,0.326813404621915
"CityofMadison","CityofMadison",2002-01-28,NA,NA,34.3,NA,2002.07465753425,0.275814335956606
"CityofMadison","CityofMadison",2002-02-28,NA,NA,36.7,NA,2002.1595890411,0.450668285666237
"CityofMadison","CityofMadison",2002-03-27,NA,NA,35.2,NA,2002.23356164384,0.341384567097718
"LTER","LTER_ME",2002-04-24,0,16.3,31.34,16.75,2002.31015981735,0.0601611313147282
"LTER","LTER_ME",2002-04-24,0,16.2,31.36,16.8,2002.31015981735,0.0616182475623085
"LTER","LTER_ME",2002-04-24,8,16.1,31.29,16.71,2002.31015981735,0.0565183406957775
"LTER","LTER_ME",2002-04-24,20,16.1,31.29,16.8,2002.31015981735,0.0565183406957775
"CityofMadison","CityofMadison",2002-04-29,NA,NA,36.1,NA,2002.32385844749,0.406954798238829
"CityofMadison","CityofMadison",2002-05-30,NA,NA,35.3,NA,2002.40878995434,0.348670148335618
"CityofMadison","CityofMadison",2002-06-25,NA,NA,35.4,NA,2002.48002283105,0.35595572957352
"LTER","LTER_ME",2002-07-15,0,15.5,31.52,16.67,2002.5348173516,0.0732751775429505
"LTER","LTER_ME",2002-07-15,4,15.4,31.57,16.47,2002.5348173516,0.0769179681619012
"LTER","LTER_ME",2002-07-15,6,15.4,31.47,16.69,2002.5348173516,0.0696323869239998
"LTER","LTER_ME",2002-07-15,8,15.3,31.13,16.31,2002.5348173516,0.0448614107151355
"LTER","LTER_ME",2002-07-15,12,15.5,31.28,16.58,2002.5348173516,0.0557897825719876
"LTER","LTER_ME",2002-07-15,16,15.3,31.38,16.8,2002.5348173516,0.0630753638098887
"LTER","LTER_ME",2002-07-15,16,15.6,31.43,16.61,2002.5348173516,0.0667181544288394
"LTER","LTER_ME",2002-07-15,20,15.2,31.48,15.74,2002.5348173516,0.0703609450477901
"LTER","LTER_ME",2002-07-15,22,15.4,31.43,15.73,2002.5348173516,0.0667181544288394
"CityofMadison","CityofMadison",2002-07-31,NA,NA,36,NA,2002.57865296804,0.399669217000928
"CityofMadison","CityofMadison",2002-08-26,NA,NA,36.2,NA,2002.64988584475,0.41424037947673
"CityofMadison","CityofMadison",2002-09-23,NA,NA,36.5,NA,2002.72659817352,0.436097123190434
"LTER","LTER_ME",2002-10-21,0,15.8,36.09,18.85,2002.80331050228,0.406226240115039
"CityofMadison","CityofMadison",2002-10-28,NA,NA,36.6,NA,2002.82260273973,0.443382704428335
"CityofMadison","CityofMadison",2002-11-25,NA,NA,37,NA,2002.89931506849,0.47252502937994
"CityofMadison","CityofMadison",2002-12-11,NA,NA,37.6,NA,2002.94315068493,0.516238516807348
"CityofMadison","CityofMadison",2003-01-08,NA,NA,37.3,NA,2003.0198630137,0.494381773093644
"LTER","LTER_ME",2003-01-21,0,16.75,37.34,20.08,2003.05547945205,0.497296005588805
"LTER","LTER_ME",2003-01-21,8,15.92,37.75,20.18,2003.05547945205,0.5271668886642
"LTER","LTER_ME",2003-01-21,20,16.6,37.62,20.4,2003.05547945205,0.517695633054928
"LTER","LTER_ME",2003-01-21,20,15.79,37.55,20.38,2003.05547945205,0.512595726188397
"LTER","LTER_ME",2003-04-14,0,15.07,36.96,18.32,2003.28276255708,0.46961079688478
"LTER","LTER_ME",2003-04-14,8,14.86,36.83,18.31,2003.28276255708,0.460139541275508
"LTER","LTER_ME",2003-04-14,20,14.46,36.89,18.24,2003.28276255708,0.464510890018249
"LTER","LTER_ME",2003-04-14,20,13.55,37.58,18.76,2003.28276255708,0.514781400559768
"CityofMadison","CityofMadison",2003-04-29,NA,NA,38.2,NA,2003.32385844749,0.559952004234756
"CityofMadison","CityofMadison",2003-05-29,NA,NA,37.5,NA,2003.40605022831,0.508952935569447
"CityofMadison","CityofMadison",2003-06-23,NA,NA,38.8,NA,2003.474543379,0.603665491662163
"CityofMadison","CityofMadison",2003-07-29,NA,NA,35.8,NA,2003.57317351598,0.385098054525125
"LTER","LTER_ME",2003-08-04,0,17.16,37.47,18.02,2003.58961187215,0.506767261198076
"LTER","LTER_ME",2003-08-04,0,16.24,37.37,17.87,2003.58961187215,0.499481679960175
"LTER","LTER_ME",2003-08-04,4,16.97,37.44,17.95,2003.58961187215,0.504581586826706
"LTER","LTER_ME",2003-08-04,6,15.97,37.41,17.97,2003.58961187215,0.502395912455335
"LTER","LTER_ME",2003-08-04,8,15.97,37.29,17.81,2003.58961187215,0.493653214969854
"LTER","LTER_ME",2003-08-04,12,16.31,37.05,17.59,2003.58961187215,0.476167819998891
"LTER","LTER_ME",2003-08-04,16,16.28,37.17,17.42,2003.58961187215,0.484910517484373
"LTER","LTER_ME",2003-08-04,20,15.92,36.98,16.71,2003.58961187215,0.47106791313236
"LTER","LTER_ME",2003-08-04,22,15.87,36.95,15.78,2003.58961187215,0.46888223876099
"CityofMadison","CityofMadison",2003-08-27,NA,NA,39.5,NA,2003.65262557078,0.654664560327472
"CityofMadison","CityofMadison",2003-09-11,NA,NA,39.4,NA,2003.69372146119,0.647378979089571
"CityofMadison","CityofMadison",2003-10-27,NA,NA,38.9,NA,2003.8198630137,0.610951072900064
"LTER","LTER_ME",2003-10-27,0,18.3,37.65,17.96,2003.8198630137,0.519881307426299
"LTER","LTER_ME",2003-10-27,4,16.73,38.11,18.1,2003.8198630137,0.553394981120644
"LTER","LTER_ME",2003-10-27,20,16.49,37.64,18.01,2003.8198630137,0.519152749302509
"LTER","LTER_ME",2003-10-27,20,18.2,37.95,18.16,2003.8198630137,0.541738051140003
"CityofMadison","CityofMadison",2003-11-24,NA,NA,34.7,NA,2003.89657534247,0.304956660908211
"CityofMadison","CityofMadison",2003-12-29,NA,NA,35,NA,2003.99246575342,0.326813404621915
"CityofMadison","CityofMadison",2004-01-21,NA,NA,38.6,NA,2004.05532786885,0.589094329186361
"LTER","LTER_ME",2004-02-03,0,18,39.4,20.15,2004.09084699454,0.647378979089571
"LTER","LTER_ME",2004-02-03,8,18.4,38.3,19.64,2004.09084699454,0.567237585472657
"LTER","LTER_ME",2004-02-03,20,18.9,39.05,20.01,2004.09084699454,0.621879444756916
"LTER","LTER_ME",2004-02-03,20,19.3,39.32,19.92,2004.09084699454,0.64155051409925
"CityofMadison","CityofMadison",2004-02-18,NA,NA,41,NA,2004.13183060109,0.763948278895991
"CityofMadison","CityofMadison",2004-03-30,NA,NA,38.9,NA,2004.24385245902,0.610951072900064
"LTER","LTER_ME",2004-04-12,0,17.9,37.95,19.25,2004.27925774135,0.541738051140003
"LTER","LTER_ME",2004-04-12,8,17.9,38.01,19.23,2004.27925774135,0.546109399882743
"LTER","LTER_ME",2004-04-12,20,17.6,38.02,19.2,2004.27925774135,0.546837958006534
"LTER","LTER_ME",2004-04-12,20,17.7,37.84,19.16,2004.27925774135,0.533723911778311
"CityofMadison","CityofMadison",2004-04-26,NA,NA,36.6,NA,2004.31750910747,0.443382704428335
"CityofMadison","CityofMadison",2004-05-12,NA,NA,39.2,NA,2004.36122495446,0.632807816613769
"CityofMadison","CityofMadison",2004-06-15,NA,NA,34,NA,2004.45412112933,0.253957592242902
"CityofMadison","CityofMadison",2004-07-15,NA,NA,36.5,NA,2004.53608834244,0.436097123190434
"LTER","LTER_ME",2004-08-03,0,16.1,38.47,18.26,2004.58800091075,0.579623073577089
"LTER","LTER_ME",2004-08-03,4,16,38.5,18.34,2004.58800091075,0.581808747948459
"LTER","LTER_ME",2004-08-03,6,15.9,38.24,18.14,2004.58800091075,0.562866236729916
"LTER","LTER_ME",2004-08-03,8,15.8,38.31,18.14,2004.58800091075,0.567966143596447
"LTER","LTER_ME",2004-08-03,12,15.9,39.11,18.42,2004.58800091075,0.626250793499657
"LTER","LTER_ME",2004-08-03,12,15.8,38.92,18.4,2004.58800091075,0.612408189147645
"LTER","LTER_ME",2004-08-03,16,16.3,39.78,18.61,2004.58800091075,0.675064187793596
"LTER","LTER_ME",2004-08-03,20,16.2,40.18,16.92,2004.58800091075,0.704206512745201
"LTER","LTER_ME",2004-08-03,22,15.9,40.22,16.64,2004.58800091075,0.707120745240361
"CityofMadison","CityofMadison",2004-08-23,NA,NA,34.1,NA,2004.64264571949,0.261243173480804
"CityofMadison","CityofMadison",2004-09-13,NA,NA,34.2,NA,2004.70002276867,0.268528754718705
"CityofMadison","CityofMadison",2004-10-25,NA,NA,34.7,NA,2004.81477686703,0.304956660908211
"LTER","LTER_ME",2004-11-03,0,13.6,36.78,18.85,2004.83948087432,0.456496750656558
"LTER","LTER_ME",2004-11-03,4,13.2,21.6,10.4,2004.83948087432,-0.649454481256856
"LTER","LTER_ME",2004-11-03,20,14.3,13.48,5.92,2004.83948087432,-1.24104367777444
"LTER","LTER_ME",2004-11-03,20,14.4,37.02,18.68,2004.83948087432,0.473982145627521
"CityofMadison","CityofMadison",2004-11-22,NA,NA,38.4,NA,2004.89139344262,0.574523166710558
"CityofMadison","CityofMadison",2004-12-13,NA,NA,35.5,NA,2004.9487704918,0.363241310811421
"CityofMadison","CityofMadison",2005-01-25,NA,NA,38.1,NA,2005.06643835616,0.552666422996855
"LTER","LTER_ME",2005-01-31,0,16.6,38.55,20.47,2005.08287671233,0.58545153856741
"LTER","LTER_ME",2005-01-31,8,16.5,38.16,20.2,2005.08287671233,0.557037771739595
"LTER","LTER_ME",2005-01-31,20,17.9,40.73,19.83,2005.08287671233,0.744277209553658
"LTER","LTER_ME",2005-01-31,20,17.8,40.68,19.78,2005.08287671233,0.740634418934707
"CityofMadison","CityofMadison",2005-02-23,NA,NA,34.8,NA,2005.14589041096,0.312242242146112
"CityofMadison","CityofMadison",2005-03-16,NA,NA,35.3,NA,2005.20342465753,0.348670148335618
"LTER","LTER_ME",2005-04-15,0,17.5,41.8,20.56,2005.2855022831,0.822232928799201
"LTER","LTER_ME",2005-04-15,8,18.1,43.1,20.83,2005.2855022831,0.916945484891918
"LTER","LTER_ME",2005-04-15,20,18.1,43.31,21.02,2005.2855022831,0.932245205491511
"LTER","LTER_ME",2005-04-15,20,17.8,43.49,21.04,2005.2855022831,0.945359251719733
"CityofMadison","CityofMadison",2005-04-25,NA,NA,36.5,NA,2005.31289954338,0.436097123190434
"CityofMadison","CityofMadison",2005-05-23,NA,NA,36.2,NA,2005.38961187215,0.41424037947673
"CityofMadison","CityofMadison",2005-06-30,NA,NA,37,NA,2005.49372146119,0.47252502937994
"CityofMadison","CityofMadison",2005-07-27,NA,NA,38,NA,2005.56769406393,0.545380841758953
"LTER","LTER_ME",2005-08-01,0,18,39.81,18.69,2005.58139269406,0.677249862164966
"LTER","LTER_ME",2005-08-01,4,18.8,39.6,18.55,2005.58139269406,0.661950141565374
"LTER","LTER_ME",2005-08-01,6,18.2,39.65,18.51,2005.58139269406,0.665592932184324
"LTER","LTER_ME",2005-08-01,8,17.8,39.75,18.44,2005.58139269406,0.672878513422225
"LTER","LTER_ME",2005-08-01,12,17.6,39.48,18.53,2005.58139269406,0.653207444079892
"LTER","LTER_ME",2005-08-01,16,17.7,39.96,18.69,2005.58139269406,0.688178234021818
"LTER","LTER_ME",2005-08-01,16,18,39.08,18.44,2005.58139269406,0.624065119128287
"LTER","LTER_ME",2005-08-01,20,17.9,39.22,17.3,2005.58139269406,0.634264932861349
"LTER","LTER_ME",2005-08-01,22,17.7,39.16,16.14,2005.58139269406,0.629893584118608
"CityofMadison","CityofMadison",2005-08-23,NA,NA,40.2,NA,2005.64166666667,0.705663628992781
"CityofMadison","CityofMadison",2005-09-27,NA,NA,36.9,NA,2005.73755707763,0.465239448142039
"CityofMadison","CityofMadison",2005-10-25,NA,NA,40,NA,2005.81426940639,0.691092466516979
"LTER","LTER_ME",2005-11-02,0,19.7,40.95,19.06,2005.83630136986,0.760305488277041
"LTER","LTER_ME",2005-11-02,4,19.9,40.47,18.92,2005.83630136986,0.725334698335115
"LTER","LTER_ME",2005-11-02,4,19.4,40.99,19.15,2005.83630136986,0.763219720772201
"LTER","LTER_ME",2005-11-02,20,19.7,28.06,13.02,2005.83630136986,-0.178805933288434
"CityofMadison","CityofMadison",2005-11-30,NA,NA,38.4,NA,2005.91301369863,0.574523166710558
"CityofMadison","CityofMadison",2005-12-27,NA,NA,38.7,NA,2005.98698630137,0.596379910424262
"CityofMadison","CityofMadison",2006-01-24,NA,NA,37.7,NA,2006.06369863014,0.523524098045249
"LTER","LTER_ME",2006-03-06,0,19.29,46.2,21.06,2006.17602739726,1.14279850326686
"LTER","LTER_ME",2006-03-06,8,18.99,45.52,20.98,2006.17602739726,1.09325655084913
"LTER","LTER_ME",2006-03-06,8,19.69,45.86,20.85,2006.17602739726,1.11802752705799
"LTER","LTER_ME",2006-03-06,17,18.78,46.68,20.94,2006.17602739726,1.17776929320878
"CityofMadison","CityofMadison",2006-03-27,NA,NA,38.3,NA,2006.23356164384,0.567237585472657
"LTER","LTER_ME",2006-04-17,0,19.42,45,20.82,2006.29098173516,1.05537152841204
"LTER","LTER_ME",2006-04-17,8,19.44,45.18,20.83,2006.29098173516,1.06848557464026
"LTER","LTER_ME",2006-04-17,8,19.14,45.46,21.38,2006.29098173516,1.08888520210639
"LTER","LTER_ME",2006-04-17,20,19.64,45.23,20.88,2006.29098173516,1.07212836525922
"CityofMadison","CityofMadison",2006-05-30,NA,NA,36.9,NA,2006.40878995434,0.465239448142039
"CityofMadison","CityofMadison",2006-06-12,NA,NA,39.9,NA,2006.44440639269,0.683806885279077
"CityofMadison","CityofMadison",2006-07-17,NA,NA,40.8,NA,2006.54029680365,0.749377116420189
"LTER","LTER_ME",2006-08-07,0,18.36,40.76,19.94,2006.59783105023,0.746462883925028
"LTER","LTER_ME",2006-08-07,4,18.18,40.71,19.88,2006.59783105023,0.742820093306078
"LTER","LTER_ME",2006-08-07,6,17.91,41.11,20,2006.59783105023,0.771962418257683
"LTER","LTER_ME",2006-08-07,8,17.82,40.83,19.91,2006.59783105023,0.751562790791559
"LTER","LTER_ME",2006-08-07,8,18.18,40.62,19.89,2006.59783105023,0.736263070191966
"LTER","LTER_ME",2006-08-07,12,18.99,40.98,19.96,2006.59783105023,0.762491162648411
"LTER","LTER_ME",2006-08-07,16,18.45,40.92,19.63,2006.59783105023,0.75811981390567
"LTER","LTER_ME",2006-08-07,20,18.18,40.91,18.29,2006.59783105023,0.75739125578188
"LTER","LTER_ME",2006-08-07,22,18.36,41.57,18.52,2006.59783105023,0.805476091952029
"CityofMadison","CityofMadison",2006-08-14,NA,NA,40.8,NA,2006.61700913242,0.749377116420189
"CityofMadison","CityofMadison",2006-09-25,NA,NA,39.9,NA,2006.73207762557,0.683806885279077
"CityofMadison","CityofMadison",2006-10-25,NA,NA,37.8,NA,2006.81426940639,0.53080967928315
"LTER","LTER_ME",2006-10-30,0,18.7,40.76,19.34,2006.82808219178,0.746462883925028
"LTER","LTER_ME",2006-10-30,4,18.3,41.22,19.43,2006.82808219178,0.779976557619374
"LTER","LTER_ME",2006-10-30,4,18.6,40.94,19.46,2006.82808219178,0.75957693015325
"LTER","LTER_ME",2006-10-30,8,18.3,40.89,19.37,2006.82808219178,0.7559341395343
"LTER","LTER_ME",2006-10-30,20,18.6,41.13,19.45,2006.82808219178,0.773419534505263
"CityofMadison","CityofMadison",2006-11-20,NA,NA,37.8,NA,2006.88561643836,0.53080967928315
"CityofMadison","CityofMadison",2006-12-14,NA,NA,36.4,NA,2006.95136986301,0.428811541952533
"LTER","LTER_ME",2007-01-03,0,20.8,41.04,19.27,2007.00616438356,0.766862511391152
"LTER","LTER_ME",2007-01-03,0,20.9,40.63,19.3,2007.00616438356,0.736991628315757
"LTER","LTER_ME",2007-01-03,8,21,41.09,19.33,2007.00616438356,0.770505302010103
"LTER","LTER_ME",2007-01-03,20,21,40.72,19.25,2007.00616438356,0.743548651429868
"CityofMadison","CityofMadison",2007-01-24,NA,NA,38.7,NA,2007.06369863014,0.596379910424262
"LTER","LTER_ME",2007-02-19,0,21.4,40.06,19.42,2007.13493150685,0.69546381525972
"LTER","LTER_ME",2007-02-19,8,21.2,39.61,19.23,2007.13493150685,0.662678699689164
"LTER","LTER_ME",2007-02-19,8,21.8,41.28,19.96,2007.13493150685,0.784347906362115
"LTER","LTER_ME",2007-02-19,20,22,39.51,18.91,2007.13493150685,0.655393118451262
"CityofMadison","CityofMadison",2007-02-28,NA,NA,40.5,NA,2007.1595890411,0.727520372706485
"CityofMadison","CityofMadison",2007-03-20,NA,NA,37.7,NA,2007.21426940639,0.523524098045249
"LTER","LTER_ME",2007-04-16,0,20.8,39.09,18.8,2007.28824200913,0.624793677252077
"LTER","LTER_ME",2007-04-16,4,20.2,39.16,18.86,2007.28824200913,0.629893584118608
"LTER","LTER_ME",2007-04-16,8,20.3,39.34,19.03,2007.28824200913,0.64300763034683
"LTER","LTER_ME",2007-04-16,8,20.45,39.39,18.87,2007.28824200913,0.646650420965781
"LTER","LTER_ME",2007-04-16,12,20.5,39.62,19.11,2007.28824200913,0.663407257812954
"LTER","LTER_ME",2007-04-16,16,20.4,39.44,19.02,2007.28824200913,0.650293211584731
"LTER","LTER_ME",2007-04-16,20,20.1,37.36,18.88,2007.28824200913,0.498753121836385
"CityofMadison","CityofMadison",2007-04-17,NA,NA,40.4,NA,2007.29098173516,0.720234791468584
"CityofMadison","CityofMadison",2007-06-11,NA,NA,38.6,NA,2007.44166666667,0.589094329186361
"CityofMadison","CityofMadison",2007-07-09,NA,NA,41.8,NA,2007.51837899543,0.822232928799201
"LTER","LTER_ME",2007-08-06,0,20.9,42.21,19.12,2007.5950913242,0.852103811874597
"LTER","LTER_ME",2007-08-06,4,21.6,41.83,19.03,2007.5950913242,0.824418603170572
"LTER","LTER_ME",2007-08-06,6,21.2,41.63,18.97,2007.5950913242,0.80984744069477
"LTER","LTER_ME",2007-08-06,8,20.3,40.72,18.33,2007.5950913242,0.743548651429868
"LTER","LTER_ME",2007-08-06,12,22,40.26,18.68,2007.5950913242,0.710034977735522
"LTER","LTER_ME",2007-08-06,12,20.6,41.27,18.91,2007.5950913242,0.783619348238325
"LTER","LTER_ME",2007-08-06,16,20.8,40.53,17.85,2007.5950913242,0.729706047077855
"LTER","LTER_ME",2007-08-06,20,21.7,40.8,16.19,2007.5950913242,0.749377116420189
"LTER","LTER_ME",2007-08-06,22,20.8,40.58,16.25,2007.5950913242,0.733348837696806
"CityofMadison","CityofMadison",2007-09-04,NA,NA,36.6,NA,2007.674543379,0.443382704428335
"CityofMadison","CityofMadison",2007-10-29,NA,NA,37.7,NA,2007.8252283105,0.523524098045249
"LTER","LTER_ME",2007-10-29,0,20.1,38.88,18.47,2007.8252283105,0.609493956652485
"LTER","LTER_ME",2007-10-29,4,19.7,38.29,18.42,2007.8252283105,0.566509027348867
"LTER","LTER_ME",2007-10-29,8,19.7,39.33,18.68,2007.8252283105,0.64227907222304
"LTER","LTER_ME",2007-10-29,20,19.7,38.68,18.42,2007.8252283105,0.594922794176682
"LTER","LTER_ME",2007-10-29,20,20.4,39.22,18.68,2007.8252283105,0.634264932861349
"LTER","LTER_ME",2008-02-13,0,19.2,42.5,18.97,2008.11816939891,0.87323199746451
"LTER","LTER_ME",2008-02-13,8,18.8,40.59,19.3,2008.11816939891,0.734077395820596
"LTER","LTER_ME",2008-02-13,20,23,49.59,19.84,2008.11816939891,1.38977970723171
"LTER","LTER_ME",2008-02-13,20,23.2,49.63,19.8,2008.11816939891,1.39269393972687
"CityofMadison","CityofMadison",2008-02-26,NA,NA,43.6,NA,2008.15368852459,0.953373391081425
"CityofMadison","CityofMadison",2008-03-13,NA,NA,41.1,NA,2008.19729052823,0.771233860133893
"CityofMadison","CityofMadison",2008-04-03,NA,NA,39.3,NA,2008.25466757741,0.64009339785167
"LTER","LTER_ME",2008-04-14,20,21.5,44.85,18.44,2008.28472222222,1.04444315655519
"CityofMadison","CityofMadison",2008-05-27,NA,NA,43.5,NA,2008.40220856102,0.946087809843523
"CityofMadison","CityofMadison",2008-06-11,NA,NA,42.2,NA,2008.44319216758,0.851375253750807
"CityofMadison","CityofMadison",2008-07-14,NA,NA,39.5,NA,2008.533356102,0.654664560327472
"LTER","LTER_ME",2008-08-04,0,16.5,39.52,16.67,2008.59073315118,0.656121676575053
"LTER","LTER_ME",2008-08-04,4,16.6,39.28,16.64,2008.59073315118,0.638636281604089
"LTER","LTER_ME",2008-08-04,6,16.8,38.67,16.49,2008.59073315118,0.594194236052892
"LTER","LTER_ME",2008-08-04,8,17,39.19,16.91,2008.59073315118,0.632079258489978
"LTER","LTER_ME",2008-08-04,12,17.8,40.49,17.24,2008.59073315118,0.726791814582695
"LTER","LTER_ME",2008-08-04,16,18.6,42.02,17.35,2008.59073315118,0.838261207522585
"LTER","LTER_ME",2008-08-04,16,18.5,41.81,17.14,2008.59073315118,0.822961486922992
"LTER","LTER_ME",2008-08-04,20,18.5,41.98,14.68,2008.59073315118,0.835346975027424
"LTER","LTER_ME",2008-08-04,22,18.6,40.98,13.8,2008.59073315118,0.762491162648411
"CityofMadison","CityofMadison",2008-08-26,NA,NA,39.5,NA,2008.6508424408,0.654664560327472
"CityofMadison","CityofMadison",2008-09-29,NA,NA,41.8,NA,2008.74373861566,0.822232928799201
"CityofMadison","CityofMadison",2008-10-21,NA,NA,40.2,NA,2008.80384790528,0.705663628992781
"LTER","LTER_ME",2008-10-29,0,15.8,39.03,15.89,2008.82570582878,0.620422328509336
"LTER","LTER_ME",2008-10-29,4,16.2,40.39,15.93,2008.82570582878,0.719506233344794
"LTER","LTER_ME",2008-10-29,20,16.2,39.18,15.92,2008.82570582878,0.631350700366188
"LTER","LTER_ME",2008-10-29,20,15.7,39.22,15.9,2008.82570582878,0.634264932861349
"CityofMadison","CityofMadison",2008-11-26,NA,NA,41.8,NA,2008.90232240437,0.822232928799201
"CityofMadison","CityofMadison",2008-12-11,NA,NA,41.4,NA,2008.94330601093,0.793090603847596
"LTER","LTER_ME",2009-01-21,0,19.3,43.6,18.23,2009.05547945205,0.953373391081425
"LTER","LTER_ME",2009-01-21,8,19.2,43.51,17.9,2009.05547945205,0.946816367967313
"LTER","LTER_ME",2009-01-21,20,21.8,37.18,14.77,2009.05547945205,0.485639075608163
"LTER","LTER_ME",2009-01-21,20,23.2,52.03,20.45,2009.05547945205,1.5675478894365
"CityofMadison","CityofMadison",2009-01-28,NA,NA,45.9,NA,2009.07465753425,1.12094175955315
"CityofMadison","CityofMadison",2009-02-16,NA,NA,38.9,NA,2009.12671232877,0.610951072900064
"CityofMadison","CityofMadison",2009-03-16,NA,NA,39.2,NA,2009.20331050228,0.632807816613769
"LTER","LTER_ME",2009-04-15,0,21.5,44.23,16.66,2009.2855022831,0.999272552880202
"LTER","LTER_ME",2009-04-15,8,21.4,43.91,16.63,2009.2855022831,0.975958692918918
"LTER","LTER_ME",2009-04-15,20,21.5,43.45,16.51,2009.2855022831,0.942445019224573
"LTER","LTER_ME",2009-04-15,20,21.7,44.23,16.55,2009.2855022831,0.999272552880202
"CityofMadison","CityofMadison",2009-04-16,NA,NA,43.3,NA,2009.28824200913,0.93151664736772
"CityofMadison","CityofMadison",2009-05-26,NA,NA,44.9,NA,2009.39783105023,1.04808594717414
"CityofMadison","CityofMadison",2009-06-15,NA,NA,40.7,NA,2009.45262557078,0.742091535182288
"CityofMadison","CityofMadison",2009-07-13,NA,NA,43.4,NA,2009.52933789954,0.938802228605622
"LTER","LTER_ME",2009-08-05,0,20.9,44.55,17.99,2009.59235159817,1.02258641284149
"LTER","LTER_ME",2009-08-05,4,20.7,44.58,18.22,2009.59235159817,1.02477208721286
"LTER","LTER_ME",2009-08-05,4,22,44.42,17.83,2009.59235159817,1.01311515723222
"LTER","LTER_ME",2009-08-05,6,21.5,44.31,18.02,2009.59235159817,1.00510101787052
"LTER","LTER_ME",2009-08-05,8,21.8,44.21,18.06,2009.59235159817,0.997815436632622
"LTER","LTER_ME",2009-08-05,12,21.1,43.84,17.55,2009.59235159817,0.970858786052388
"LTER","LTER_ME",2009-08-05,16,21,43.93,17.74,2009.59235159817,0.977415809166499
"LTER","LTER_ME",2009-08-05,20,21,43.91,16.94,2009.59235159817,0.975958692918918
"LTER","LTER_ME",2009-08-05,22,21,44.4,17.13,2009.59235159817,1.01165804098463
"CityofMadison","CityofMadison",2009-08-24,NA,NA,43.7,NA,2009.64440639269,0.960658972319326
"CityofMadison","CityofMadison",2009-09-08,NA,NA,45.4,NA,2009.68550228311,1.08451385336365
"CityofMadison","CityofMadison",2009-10-27,NA,NA,44.2,NA,2009.81974885845,0.997086878508832
"LTER","LTER_ME",2009-10-28,0,20.9,44.39,17.89,2009.82248858447,1.01092948286084
"LTER","LTER_ME",2009-10-28,4,20.8,24.52,8.29,2009.82248858447,-0.436715509110139
"CityofMadison","CityofMadison",2009-11-23,NA,NA,46.1,NA,2009.89383561644,1.13551292202896
"CityofMadison","CityofMadison",2009-12-28,NA,NA,45.3,NA,2009.9897260274,1.07722827212575
"CityofMadison","CityofMadison",2010-01-26,NA,NA,44.5,NA,2010.06917808219,1.01894362222254
"LTER","LTER_ME",2010-02-01,0,21.8,46.23,19.03,2010.08561643836,1.14498417763823
"LTER","LTER_ME",2010-02-01,4,21.7,45.82,19.11,2010.08561643836,1.11511329456283
"LTER","LTER_ME",2010-02-01,8,21.1,46.73,19.16,2010.08561643836,1.18141208382773
"LTER","LTER_ME",2010-02-01,20,22.2,49.4,20.87,2010.08561643836,1.3759371028797
"CityofMadison","CityofMadison",2010-02-16,NA,NA,47.8,NA,2010.12671232877,1.25936780307328
"CityofMadison","CityofMadison",2010-03-15,NA,NA,29.6,NA,2010.20057077626,-0.0666079822247538
"LTER","LTER_ME",2010-04-13,0,23.1,46.6,18.43,2010.28002283105,1.17194082821846
"LTER","LTER_ME",2010-04-13,0,22.9,46.1,18.55,2010.28002283105,1.13551292202896
"LTER","LTER_ME",2010-04-13,8,23.4,46.34,18.53,2010.28002283105,1.15299831699992
"LTER","LTER_ME",2010-04-13,20,23.2,46.02,18.41,2010.28002283105,1.12968445703864
"CityofMadison","CityofMadison",2010-04-22,NA,NA,45.4,NA,2010.3046803653,1.08451385336365
"CityofMadison","CityofMadison",2010-05-24,NA,NA,46.5,NA,2010.39235159817,1.16465524698056
"CityofMadison","CityofMadison",2010-06-30,NA,NA,43.8,NA,2010.49372146119,0.967944553557227
"CityofMadison","CityofMadison",2010-07-14,NA,NA,44.3,NA,2010.53207762557,1.00437245974673
"LTER","LTER_ME",2010-08-03,0,20,42.88,16.24,2010.58687214612,0.900917206168536
"LTER","LTER_ME",2010-08-03,4,19.8,42.68,16.15,2010.58687214612,0.886346043692733
"LTER","LTER_ME",2010-08-03,6,19.9,42.67,16.14,2010.58687214612,0.885617485568943
"LTER","LTER_ME",2010-08-03,6,20.1,42.95,16.23,2010.58687214612,0.906017113035066
"LTER","LTER_ME",2010-08-03,8,19.9,43.25,16.37,2010.58687214612,0.92787385674877
"LTER","LTER_ME",2010-08-03,12,21.1,45.61,17.55,2010.58687214612,1.09981357396324
"LTER","LTER_ME",2010-08-03,16,21.2,45.76,17.04,2010.58687214612,1.11074194582009
"LTER","LTER_ME",2010-08-03,20,21.1,45.9,16.12,2010.58687214612,1.12094175955315
"LTER","LTER_ME",2010-08-03,22,21.4,45.66,15.26,2010.58687214612,1.10345636458219
"CityofMadison","CityofMadison",2010-08-12,NA,NA,42,NA,2010.61152968037,0.836804091275004
"CityofMadison","CityofMadison",2010-09-09,NA,NA,42.9,NA,2010.68824200913,0.902374322416115
"CityofMadison","CityofMadison",2010-10-18,NA,NA,44.3,NA,2010.7950913242,1.00437245974673
"LTER","LTER_ME",2010-11-09,0,20.1,44.1,16.92,2010.85547945205,0.989801297270931
"LTER","LTER_ME",2010-11-09,0,20.25,44.15,16.94,2010.85547945205,0.993444087889881
"LTER","LTER_ME",2010-11-09,4,20.1,44.06,16.94,2010.85547945205,0.98688706477577
"LTER","LTER_ME",2010-11-09,20,20.3,44.43,17.86,2010.85547945205,1.013843715356
"CityofMadison","CityofMadison",2010-11-15,NA,NA,43.8,NA,2010.87191780822,0.967944553557227
"LTER","LTER_ME",2011-01-19,0,22.1,46.45,17.83,2011.05,1.16101245636161
"LTER","LTER_ME",2011-01-19,8,22.1,45.49,17.52,2011.05,1.09107087647776
"LTER","LTER_ME",2011-01-19,8,22.1,45.52,17.55,2011.05,1.09325655084913
"LTER","LTER_ME",2011-01-19,20,21.7,46.57,17.91,2011.05,1.16975515384709
"CityofMadison","CityofMadison",2011-01-25,NA,NA,48.1,NA,2011.06643835616,1.28122454678698
"CityofMadison","CityofMadison",2011-02-23,NA,NA,46.4,NA,2011.14589041096,1.15736966574266
"CityofMadison","CityofMadison",2011-03-14,NA,NA,44.9,NA,2011.19783105023,1.04808594717414
"CityofMadison","CityofMadison",2011-04-28,NA,NA,46.4,NA,2011.32111872146,1.15736966574266
"LTER","LTER_ME",2011-05-17,0,20.7,46.71,18.34,2011.37317351598,1.17995496758015
"LTER","LTER_ME",2011-05-17,0,20.6,45.78,18.23,2011.37317351598,1.11219906206767
"LTER","LTER_ME",2011-05-17,8,20.5,45.99,18.22,2011.37317351598,1.12749878266727
"LTER","LTER_ME",2011-05-17,20,21.1,46.13,18.24,2011.37317351598,1.13769859640033
"CityofMadison","CityofMadison",2011-05-31,NA,NA,43.2,NA,2011.41152968037,0.92423106612982
"CityofMadison","CityofMadison",2011-06-29,NA,NA,46.5,NA,2011.49098173516,1.16465524698056
"CityofMadison","CityofMadison",2011-07-25,NA,NA,44.4,NA,2011.56221461187,1.01165804098463
"LTER","LTER_ME",2011-08-04,0,21.64,47.13,17.47,2011.58961187215,1.21055440877934
"LTER","LTER_ME",2011-08-04,4,21.72,47.24,17.18,2011.58961187215,1.21856854814103
"LTER","LTER_ME",2011-08-04,4,22,46.66,17.41,2011.58961187215,1.1763121769612
"LTER","LTER_ME",2011-08-04,6,21.91,47.05,17.25,2011.58961187215,1.20472594378902
"LTER","LTER_ME",2011-08-04,8,21.53,46.37,17.5,2011.58961187215,1.15518399137129
"LTER","LTER_ME",2011-08-04,12,21.45,46.27,17.51,2011.58961187215,1.14789841013339
"LTER","LTER_ME",2011-08-04,16,21.36,46.28,17.4,2011.58961187215,1.14862696825718
"LTER","LTER_ME",2011-08-04,20,21.56,46.4,15.67,2011.58961187215,1.15736966574266
"LTER","LTER_ME",2011-08-04,22,21.42,46.73,13.08,2011.58961187215,1.18141208382773
"CityofMadison","CityofMadison",2011-08-15,NA,NA,44.6,NA,2011.61974885845,1.02622920346044
"CityofMadison","CityofMadison",2011-09-13,NA,NA,44.5,NA,2011.69920091324,1.01894362222254
"CityofMadison","CityofMadison",2011-10-03,NA,NA,44.2,NA,2011.75399543379,0.997086878508832
"LTER","LTER_ME",2011-10-31,0,NA,47.26,16.16,2011.83070776256,1.22002566438861
"LTER","LTER_ME",2011-10-31,0,NA,47.11,16.14,2011.83070776256,1.20909729253176
"LTER","LTER_ME",2011-10-31,4,NA,47.27,16.16,2011.83070776256,1.2207542225124
"LTER","LTER_ME",2011-10-31,20,NA,47.22,16.2,2011.83070776256,1.21711143189345
"CityofMadison","CityofMadison",2011-11-21,NA,NA,44.3,NA,2011.88835616438,1.00437245974673
"CityofMadison","CityofMadison",2011-12-12,NA,NA,43.4,NA,2011.94589041096,0.938802228605622
"CityofMadison","CityofMadison",2012-01-09,NA,NA,45.2,NA,2012.02254098361,1.06994269088785
"CityofMadison","CityofMadison",2012-02-07,NA,NA,43.4,NA,2012.10177595628,0.938802228605622
"LTER","LTER_ME",2012-02-22,0,22.42,48.64,17.82,2012.14275956284,1.32056668547165
"LTER","LTER_ME",2012-02-22,0,22.7,48.69,18.74,2012.14275956284,1.3242094760906
"LTER","LTER_ME",2012-02-22,8,22.44,49.02,18.83,2012.14275956284,1.34825189417567
"LTER","LTER_ME",2012-02-22,16,20.68,51.62,17.9,2012.14275956284,1.53767700636111
"CityofMadison","CityofMadison",2012-03-15,NA,NA,46.4,NA,2012.20275500911,1.15736966574266
"LTER","LTER_ME",2012-04-17,0,22.35,48.68,18.34,2012.29291894353,1.32348091796681
"LTER","LTER_ME",2012-04-17,8,22.28,48.66,18.34,2012.29291894353,1.32202380171923
"LTER","LTER_ME",2012-04-17,20,22.55,48.68,18.34,2012.29291894353,1.32348091796681
"LTER","LTER_ME",2012-04-17,20,22.39,48.65,18,2012.29291894353,1.32129524359544
"CityofMadison","CityofMadison",2012-04-24,NA,NA,48.2,NA,2012.31204462659,1.28851012802488
"CityofMadison","CityofMadison",2012-05-30,NA,NA,45,NA,2012.41040528233,1.05537152841204
"CityofMadison","CityofMadison",2012-06-26,NA,NA,46.6,NA,2012.48417577413,1.17194082821846
"CityofMadison","CityofMadison",2012-08-02,NA,NA,49,NA,2012.58526867031,1.34679477792809
"LTER","LTER_ME",2012-08-06,0,23.87,50.15,17.93,2012.59619763206,1.43057896216396
"LTER","LTER_ME",2012-08-06,4,24.44,50.24,18.12,2012.59619763206,1.43713598527807
"LTER","LTER_ME",2012-08-06,6,24.65,50.57,17.85,2012.59619763206,1.46117840336314
"LTER","LTER_ME",2012-08-06,8,24.7,50.35,18.03,2012.59619763206,1.44515012463976
"LTER","LTER_ME",2012-08-06,12,23.33,49.08,17.16,2012.59619763206,1.35262324291841
"LTER","LTER_ME",2012-08-06,16,24.06,48.96,16.77,2012.59619763206,1.34388054543293
"LTER","LTER_ME",2012-08-06,16,24.12,48.67,16.77,2012.59619763206,1.32275235984302
"LTER","LTER_ME",2012-08-06,20,24.04,48.86,15.03,2012.59619763206,1.33659496419503
"LTER","LTER_ME",2012-08-06,22,24.04,48.94,14.62,2012.59619763206,1.34242342918535
"CityofMadison","CityofMadison",2012-08-20,NA,NA,50.1,NA,2012.63444899818,1.42693617154501
"CityofMadison","CityofMadison",2012-09-24,NA,NA,47.3,NA,2012.73007741348,1.22293989688377
"LTER","LTER_ME",2012-10-29,0,20.04,49.77,16.67,2012.82570582878,1.40289375345993
"LTER","LTER_ME",2012-10-29,4,20.14,49.2,16.1,2012.82570582878,1.3613659404039
"LTER","LTER_ME",2012-10-29,20,20.06,37.77,12.61,2012.82570582878,0.52862400491178
"CityofMadison","CityofMadison",2012-10-30,NA,NA,48,NA,2012.82843806922,1.27393896554908
"CityofMadison","CityofMadison",2012-11-28,NA,NA,48,NA,2012.90778688525,1.27393896554908
"CityofMadison","CityofMadison",2012-12-17,NA,NA,47.1,NA,2012.95969945355,1.20836873440797
"LTER","LTER_ME",2013-02-12,0,24.45,50.96,17.98,2013.11575342466,1.48959217019096
"LTER","LTER_ME",2013-02-12,8,24.55,51.6,17.98,2013.11575342466,1.53621989011353
"LTER","LTER_ME",2013-02-12,20,24.83,52.28,19.09,2013.11575342466,1.58576184253126
"LTER","LTER_ME",2013-02-12,20,24.94,52.02,18.98,2013.11575342466,1.56681933131271
"CityofMadison","CityofMadison",2013-02-18,NA,NA,47.3,NA,2013.13219178082,1.22293989688377
"CityofMadison","CityofMadison",2013-03-14,NA,NA,54.1,NA,2013.19783105023,1.71835942106106
"LTER","LTER_ME",2013-04-29,0,24.81,52.36,19.88,2013.32385844749,1.59159030752158
"LTER","LTER_ME",2013-04-29,8,24.83,52.2,19.73,2013.32385844749,1.57993337754093
"LTER","LTER_ME",2013-04-29,20,24.67,52.12,19.65,2013.32385844749,1.57410491255061
"LTER","LTER_ME",2013-04-29,20,24.47,52.23,19.61,2013.32385844749,1.5821190519123
"CityofMadison","CityofMadison",2013-05-08,NA,NA,48.8,NA,2013.34851598174,1.33222361545229
"CityofMadison","CityofMadison",2013-06-19,NA,NA,51.9,NA,2013.46358447489,1.55807663382723
"CityofMadison","CityofMadison",2013-07-16,NA,NA,46.2,NA,2013.53755707763,1.14279850326686
"LTER","LTER_ME",2013-08-05,0,22.22,49.6,16.95,2013.59235159817,1.3905082653555
"LTER","LTER_ME",2013-08-05,4,22.11,49.67,16.94,2013.59235159817,1.39560817222203
"LTER","LTER_ME",2013-08-05,6,22.08,49.74,16.95,2013.59235159817,1.40070807908856
"LTER","LTER_ME",2013-08-05,8,22.03,49.15,17.78,2013.59235159817,1.35772314978495
"LTER","LTER_ME",2013-08-05,12,23.16,52.27,17.54,2013.59235159817,1.58503328440747
"LTER","LTER_ME",2013-08-05,16,23.37,52.84,16.8,2013.59235159817,1.6265610974635
"LTER","LTER_ME",2013-08-05,20,23.3,52.47,16.62,2013.59235159817,1.59960444688327
"LTER","LTER_ME",2013-08-05,22,23.69,52.46,16.43,2013.59235159817,1.59887588875948
"LTER","LTER_ME",2013-08-05,22,23.08,52.04,17.01,2013.59235159817,1.56827644756029
"CityofMadison","CityofMadison",2013-08-14,NA,NA,46.8,NA,2013.61700913242,1.18651199069426
"CityofMadison","CityofMadison",2013-09-10,NA,NA,52.1,NA,2013.69098173516,1.57264779630303
"CityofMadison","CityofMadison",2013-10-24,NA,NA,49.2,NA,2013.81152968037,1.3613659404039
"LTER","LTER_ME",2013-10-29,0,23.97,50.79,18.33,2013.8252283105,1.47720668208653
"LTER","LTER_ME",2013-10-29,4,23.65,50.71,18.35,2013.8252283105,1.47137821709621
"LTER","LTER_ME",2013-10-29,4,23.87,50.71,18.3,2013.8252283105,1.47137821709621
"LTER","LTER_ME",2013-10-29,20,23.93,50.78,17.89,2013.8252283105,1.47647812396274
"CityofMadison","CityofMadison",2013-12-02,NA,NA,48.3,NA,2013.91849315068,1.29579570926278
"CityofMadison","CityofMadison",2014-03-20,NA,NA,47.8,NA,2014.21426940639,1.25936780307328
"CityofMadison","CityofMadison",2014-04-17,NA,NA,53.4,NA,2014.29098173516,1.66736035239575
"CityofMadison","CityofMadison",2014-06-25,NA,NA,48.2,NA,2014.48002283105,1.28851012802488
"CityofMadison","CityofMadison",2014-07-17,NA,NA,49.2,NA,2014.54029680365,1.3613659404039
"CityofMadison","CityofMadison",2014-08-14,NA,NA,48.9,NA,2014.61700913242,1.33950919669019
"CityofMadison","CityofMadison",2014-09-08,NA,NA,49.2,NA,2014.68550228311,1.3613659404039
"CityofMadison","CityofMadison",2014-10-29,NA,NA,49.5,NA,2014.8252283105,1.3832226841176
"CityofMadison","CityofMadison",2014-12-11,NA,NA,49.9,NA,2014.94315068493,1.4123650090692
"CityofMadison","CityofMadison",2015-04-27,NA,NA,51,NA,2015.31837899543,1.49250640268612
"CityofMadison","CityofMadison",2015-06-02,NA,NA,49.8,NA,2015.41700913242,1.4050794278313
"CityofMadison","CityofMadison",2015-07-08,NA,NA,52.4,NA,2015.51563926941,1.59450454001674
"CityofMadison","CityofMadison",2015-08-04,NA,NA,51.5,NA,2015.58961187215,1.52893430887563
"CityofMadison","CityofMadison",2015-09-24,NA,NA,48.8,NA,2015.72933789954,1.33222361545229
